	f1	precision	recall	accuracy	TN	FP	FN	TP	n	selection	source
0	0.884978001257	0.93741677763	0.838095238095	0.889825406382	774	47	136	704	44	[60, 40, 56, 1, 62, 24, 4, 7, 61, 51, 10, 0, 18, 43, 33, 6, 12, 41, 19, 36, 32, 20, 44, 23, 53, 48, 54, 49, 13, 57, 64, 35, 26, 9, 37, 11, 31, 67, 45, 59, 29, 2, 66, 39]	f-test
1	0.884688090737	0.939759036145	0.835714285714	0.889825406382	776	45	138	702	38	[60, 40, 56, 1, 62, 24, 4, 7, 61, 51, 10, 0, 18, 43, 33, 6, 12, 41, 19, 36, 32, 20, 44, 23, 53, 48, 54, 49, 13, 57, 64, 35, 26, 9, 37, 11, 31, 67]	f-test
2	0.884567126725	0.935013262599	0.839285714286	0.889223359422	772	49	135	705	46	[60, 40, 56, 1, 62, 24, 4, 7, 61, 51, 10, 0, 18, 43, 33, 6, 12, 41, 19, 36, 32, 20, 44, 23, 53, 48, 54, 49, 13, 57, 64, 35, 26, 9, 37, 11, 31, 67, 45, 59, 29, 2, 66, 39, 14, 28]	f-test
3	0.88427672956	0.937333333333	0.836904761905	0.889223359422	774	47	137	703	45	[60, 40, 56, 1, 62, 24, 4, 7, 61, 51, 10, 0, 18, 43, 33, 6, 12, 41, 19, 36, 32, 20, 44, 23, 53, 48, 54, 49, 13, 57, 64, 35, 26, 9, 37, 11, 31, 67, 45, 59, 29, 2, 66, 39, 14]	f-test
4	0.88427672956	0.937333333333	0.836904761905	0.889223359422	774	47	137	703	43	[60, 40, 56, 1, 62, 24, 4, 7, 61, 51, 10, 0, 18, 43, 33, 6, 12, 41, 19, 36, 32, 20, 44, 23, 53, 48, 54, 49, 13, 57, 64, 35, 26, 9, 37, 11, 31, 67, 45, 59, 29, 2, 66]	f-test
5	0.884012539185	0.933774834437	0.839285714286	0.888621312462	771	50	135	705	50	[60, 56, 40, 1, 62, 51, 24, 7, 12, 18, 19, 4, 13, 43, 10, 32, 33, 6, 20, 61, 36, 0, 23, 41, 44, 54, 57, 48, 26, 35, 31, 14, 58, 11, 64, 59, 37, 53, 9, 45, 49, 39, 50, 67, 29, 52, 46, 28, 2, 66]	combined
6	0.884012539185	0.933774834437	0.839285714286	0.888621312462	771	50	135	705	51	[60, 56, 40, 1, 62, 51, 24, 7, 12, 18, 19, 4, 13, 43, 10, 32, 33, 6, 20, 61, 36, 0, 23, 41, 44, 54, 57, 48, 26, 35, 31, 14, 58, 11, 64, 59, 37, 53, 9, 45, 49, 39, 50, 67, 29, 52, 46, 28, 2, 66, 55]	combined
7	0.883720930233	0.936085219707	0.836904761905	0.888621312462	773	48	137	703	44	[60, 56, 40, 1, 62, 51, 24, 7, 12, 18, 19, 4, 13, 43, 10, 32, 33, 6, 20, 61, 36, 0, 23, 41, 44, 54, 57, 48, 26, 35, 31, 14, 58, 11, 64, 59, 37, 53, 9, 45, 49, 39, 50, 67]	combined
8	0.883574575205	0.937249666222	0.835714285714	0.888621312462	774	47	138	702	41	[60, 40, 56, 1, 62, 24, 4, 7, 61, 51, 10, 0, 18, 43, 33, 6, 12, 41, 19, 36, 32, 20, 44, 23, 53, 48, 54, 49, 13, 57, 64, 35, 26, 9, 37, 11, 31, 67, 45, 59, 29]	f-test
9	0.883574575205	0.937249666222	0.835714285714	0.888621312462	774	47	138	702	39	[60, 40, 56, 1, 62, 24, 4, 7, 61, 51, 10, 0, 18, 43, 33, 6, 12, 41, 19, 36, 32, 20, 44, 23, 53, 48, 54, 49, 13, 57, 64, 35, 26, 9, 37, 11, 31, 67, 45]	f-test
10	0.883396704689	0.944444444444	0.829761904762	0.889223359422	780	41	143	697	23	[60, 40, 56, 1, 62, 24, 4, 7, 61, 51, 10, 0, 18, 43, 33, 6, 12, 41, 19, 36, 32, 20, 44]	f-test
11	0.883312421581	0.933687002653	0.838095238095	0.888019265503	771	50	136	704	45	[60, 56, 40, 1, 62, 51, 24, 7, 12, 18, 19, 4, 13, 43, 10, 32, 33, 6, 20, 61, 36, 0, 23, 41, 44, 54, 57, 48, 26, 35, 31, 14, 58, 11, 64, 59, 37, 53, 9, 45, 49, 39, 50, 67, 29]	combined
12	0.883312421581	0.933687002653	0.838095238095	0.888019265503	771	50	136	704	47	[60, 56, 40, 1, 62, 51, 24, 7, 12, 18, 19, 4, 13, 43, 10, 32, 33, 6, 20, 61, 36, 0, 23, 41, 44, 54, 57, 48, 26, 35, 31, 14, 58, 11, 64, 59, 37, 53, 9, 45, 49, 39, 50, 67, 29, 52, 46]	combined
13	0.883312421581	0.933687002653	0.838095238095	0.888019265503	771	50	136	704	48	[60, 40, 56, 1, 62, 24, 4, 7, 61, 51, 10, 0, 18, 43, 33, 6, 12, 41, 19, 36, 32, 20, 44, 23, 53, 48, 54, 49, 13, 57, 64, 35, 26, 9, 37, 11, 31, 67, 45, 59, 29, 2, 66, 39, 14, 28, 47, 58]	f-test
14	0.883312421581	0.933687002653	0.838095238095	0.888019265503	771	50	136	704	49	[60, 56, 40, 1, 62, 51, 24, 7, 12, 18, 19, 4, 13, 43, 10, 32, 33, 6, 20, 61, 36, 0, 23, 41, 44, 54, 57, 48, 26, 35, 31, 14, 58, 11, 64, 59, 37, 53, 9, 45, 49, 39, 50, 67, 29, 52, 46, 28, 2]	combined
15	0.883312421581	0.933687002653	0.838095238095	0.888019265503	771	50	136	704	46	[60, 56, 40, 1, 62, 51, 24, 7, 12, 18, 19, 4, 13, 43, 10, 32, 33, 6, 20, 61, 36, 0, 23, 41, 44, 54, 57, 48, 26, 35, 31, 14, 58, 11, 64, 59, 37, 53, 9, 45, 49, 39, 50, 67, 29, 52]	combined
16	0.883165829146	0.934840425532	0.836904761905	0.888019265503	772	49	137	703	42	[60, 40, 56, 1, 62, 24, 4, 7, 61, 51, 10, 0, 18, 43, 33, 6, 12, 41, 19, 36, 32, 20, 44, 23, 53, 48, 54, 49, 13, 57, 64, 35, 26, 9, 37, 11, 31, 67, 45, 59, 29, 2]	f-test
17	0.882871536524	0.937165775401	0.834523809524	0.888019265503	774	47	139	701	40	[60, 40, 56, 1, 62, 24, 4, 7, 61, 51, 10, 0, 18, 43, 33, 6, 12, 41, 19, 36, 32, 20, 44, 23, 53, 48, 54, 49, 13, 57, 64, 35, 26, 9, 37, 11, 31, 67, 45, 59]	f-test
18	0.882871536524	0.937165775401	0.834523809524	0.888019265503	774	47	139	701	36	[60, 40, 56, 1, 62, 24, 4, 7, 61, 51, 10, 0, 18, 43, 33, 6, 12, 41, 19, 36, 32, 20, 44, 23, 53, 48, 54, 49, 13, 57, 64, 35, 26, 9, 37, 11]	f-test
19	0.882871536524	0.937165775401	0.834523809524	0.888019265503	774	47	139	701	35	[60, 40, 56, 1, 62, 24, 4, 7, 61, 51, 10, 0, 18, 43, 33, 6, 12, 41, 19, 36, 32, 20, 44, 23, 53, 48, 54, 49, 13, 57, 64, 35, 26, 9, 37]	f-test
20	0.882871536524	0.937165775401	0.834523809524	0.888019265503	774	47	139	701	37	[60, 40, 56, 1, 62, 24, 4, 7, 61, 51, 10, 0, 18, 43, 33, 6, 12, 41, 19, 36, 32, 20, 44, 23, 53, 48, 54, 49, 13, 57, 64, 35, 26, 9, 37, 11, 31]	f-test
21	0.882723833544	0.938337801609	0.833333333333	0.888019265503	775	46	140	700	42	[60, 56, 40, 1, 12, 51, 62, 13, 18, 19, 7, 33, 10, 20, 32, 43, 6, 24, 41, 4, 23, 57, 54, 48, 14, 31, 26, 0, 58, 36, 44, 9, 11, 64, 39, 49, 35, 50, 2, 45, 34, 61]	ranksum
22	0.882723833544	0.938337801609	0.833333333333	0.888019265503	775	46	140	700	33	[60, 40, 56, 1, 62, 24, 4, 7, 61, 51, 10, 0, 18, 43, 33, 6, 12, 41, 19, 36, 32, 20, 44, 23, 53, 48, 54, 49, 13, 57, 64, 35, 26]	f-test
23	0.882723833544	0.938337801609	0.833333333333	0.888019265503	775	46	140	700	34	[60, 40, 56, 1, 62, 24, 4, 7, 61, 51, 10, 0, 18, 43, 33, 6, 12, 41, 19, 36, 32, 20, 44, 23, 53, 48, 54, 49, 13, 57, 64, 35, 26, 9]	f-test
24	0.882723833544	0.938337801609	0.833333333333	0.888019265503	775	46	140	700	43	[60, 56, 40, 1, 12, 51, 62, 13, 18, 19, 7, 33, 10, 20, 32, 43, 6, 24, 41, 4, 23, 57, 54, 48, 14, 31, 26, 0, 58, 36, 44, 9, 11, 64, 39, 49, 35, 50, 2, 45, 34, 61, 53]	ranksum
25	0.882611424984	0.933598937583	0.836904761905	0.887417218543	771	50	137	703	53	[56, 60, 40, 62, 24, 51, 61, 1, 13, 7, 19, 36, 12, 18, 32, 20, 4, 43, 6, 59, 58, 0, 23, 35, 33, 44, 10, 14, 26, 37, 54, 46, 55, 31, 57, 41, 11, 22, 48, 45, 64, 53, 52, 67, 50, 29, 39, 9, 8, 65, 28, 66, 17]	mi
26	0.882205513784	0.931216931217	0.838095238095	0.886815171583	769	52	136	704	47	[60, 40, 56, 1, 62, 24, 4, 7, 61, 51, 10, 0, 18, 43, 33, 6, 12, 41, 19, 36, 32, 20, 44, 23, 53, 48, 54, 49, 13, 57, 64, 35, 26, 9, 37, 11, 31, 67, 45, 59, 29, 2, 66, 39, 14, 28, 47]	f-test
27	0.882057716437	0.932360742706	0.836904761905	0.886815171583	770	51	137	703	52	[60, 56, 40, 1, 62, 51, 24, 7, 12, 18, 19, 4, 13, 43, 10, 32, 33, 6, 20, 61, 36, 0, 23, 41, 44, 54, 57, 48, 26, 35, 31, 14, 58, 11, 64, 59, 37, 53, 9, 45, 49, 39, 50, 67, 29, 52, 46, 28, 2, 66, 55, 22]	combined
28	0.881909547739	0.933510638298	0.835714285714	0.886815171583	771	50	138	702	52	[60, 56, 40, 1, 12, 51, 62, 13, 18, 19, 7, 33, 10, 20, 32, 43, 6, 24, 41, 4, 23, 57, 54, 48, 14, 31, 26, 0, 58, 36, 44, 9, 11, 64, 39, 49, 35, 50, 2, 45, 34, 61, 53, 37, 52, 8, 59, 27, 29, 46, 28, 67]	ranksum
29	0.881653099562	0.92998678996	0.838095238095	0.886213124624	768	53	136	704	56	[56, 60, 40, 62, 24, 51, 61, 1, 13, 7, 19, 36, 12, 18, 32, 20, 4, 43, 6, 59, 58, 0, 23, 35, 33, 44, 10, 14, 26, 37, 54, 46, 55, 31, 57, 41, 11, 22, 48, 45, 64, 53, 52, 67, 50, 29, 39, 9, 8, 65, 28, 66, 17, 16, 21, 38]	mi
30	0.881653099562	0.92998678996	0.838095238095	0.886213124624	768	53	136	704	57	[56, 60, 40, 62, 24, 51, 61, 1, 13, 7, 19, 36, 12, 18, 32, 20, 4, 43, 6, 59, 58, 0, 23, 35, 33, 44, 10, 14, 26, 37, 54, 46, 55, 31, 57, 41, 11, 22, 48, 45, 64, 53, 52, 67, 50, 29, 39, 9, 8, 65, 28, 66, 17, 16, 21, 38, 42]	mi
31	0.881653099562	0.92998678996	0.838095238095	0.886213124624	768	53	136	704	58	[56, 60, 40, 62, 24, 51, 61, 1, 13, 7, 19, 36, 12, 18, 32, 20, 4, 43, 6, 59, 58, 0, 23, 35, 33, 44, 10, 14, 26, 37, 54, 46, 55, 31, 57, 41, 11, 22, 48, 45, 64, 53, 52, 67, 50, 29, 39, 9, 8, 65, 28, 66, 17, 16, 21, 38, 42, 30]	mi
32	0.881504702194	0.931125827815	0.836904761905	0.886213124624	769	52	137	703	48	[60, 56, 40, 1, 62, 51, 24, 7, 12, 18, 19, 4, 13, 43, 10, 32, 33, 6, 20, 61, 36, 0, 23, 41, 44, 54, 57, 48, 26, 35, 31, 14, 58, 11, 64, 59, 37, 53, 9, 45, 49, 39, 50, 67, 29, 52, 46, 28]	combined
33	0.881504702194	0.931125827815	0.836904761905	0.886213124624	769	52	137	703	51	[56, 60, 40, 62, 24, 51, 61, 1, 13, 7, 19, 36, 12, 18, 32, 20, 4, 43, 6, 59, 58, 0, 23, 35, 33, 44, 10, 14, 26, 37, 54, 46, 55, 31, 57, 41, 11, 22, 48, 45, 64, 53, 52, 67, 50, 29, 39, 9, 8, 65, 28]	mi
34	0.881355932203	0.932270916335	0.835714285714	0.886213124624	770	51	138	702	47	[56, 60, 40, 62, 24, 51, 61, 1, 13, 7, 19, 36, 12, 18, 32, 20, 4, 43, 6, 59, 58, 0, 23, 35, 33, 44, 10, 14, 26, 37, 54, 46, 55, 31, 57, 41, 11, 22, 48, 45, 64, 53, 52, 67, 50, 29, 39]	mi
35	0.881355932203	0.932270916335	0.835714285714	0.886213124624	770	51	138	702	59	[56, 60, 40, 62, 24, 51, 61, 1, 13, 7, 19, 36, 12, 18, 32, 20, 4, 43, 6, 59, 58, 0, 23, 35, 33, 44, 10, 14, 26, 37, 54, 46, 55, 31, 57, 41, 11, 22, 48, 45, 64, 53, 52, 67, 50, 29, 39, 9, 8, 65, 28, 66, 17, 16, 21, 38, 42, 30, 3]	mi
36	0.881355932203	0.932270916335	0.835714285714	0.886213124624	770	51	138	702	54	[60, 56, 40, 1, 62, 51, 24, 7, 12, 18, 19, 4, 13, 43, 10, 32, 33, 6, 20, 61, 36, 0, 23, 41, 44, 54, 57, 48, 26, 35, 31, 14, 58, 11, 64, 59, 37, 53, 9, 45, 49, 39, 50, 67, 29, 52, 46, 28, 2, 66, 55, 22, 8, 34]	combined
37	0.881355932203	0.932270916335	0.835714285714	0.886213124624	770	51	138	702	55	[60, 56, 40, 1, 62, 51, 24, 7, 12, 18, 19, 4, 13, 43, 10, 32, 33, 6, 20, 61, 36, 0, 23, 41, 44, 54, 57, 48, 26, 35, 31, 14, 58, 11, 64, 59, 37, 53, 9, 45, 49, 39, 50, 67, 29, 52, 46, 28, 2, 66, 55, 22, 8, 34, 27]	combined
38	0.881355932203	0.932270916335	0.835714285714	0.886213124624	770	51	138	702	56	[60, 56, 40, 1, 62, 51, 24, 7, 12, 18, 19, 4, 13, 43, 10, 32, 33, 6, 20, 61, 36, 0, 23, 41, 44, 54, 57, 48, 26, 35, 31, 14, 58, 11, 64, 59, 37, 53, 9, 45, 49, 39, 50, 67, 29, 52, 46, 28, 2, 66, 55, 22, 8, 34, 27, 21]	combined
39	0.881355932203	0.932270916335	0.835714285714	0.886213124624	770	51	138	702	57	[60, 56, 40, 1, 62, 51, 24, 7, 12, 18, 19, 4, 13, 43, 10, 32, 33, 6, 20, 61, 36, 0, 23, 41, 44, 54, 57, 48, 26, 35, 31, 14, 58, 11, 64, 59, 37, 53, 9, 45, 49, 39, 50, 67, 29, 52, 46, 28, 2, 66, 55, 22, 8, 34, 27, 21, 65]	combined
40	0.881355932203	0.932270916335	0.835714285714	0.886213124624	770	51	138	702	58	[60, 56, 40, 1, 62, 51, 24, 7, 12, 18, 19, 4, 13, 43, 10, 32, 33, 6, 20, 61, 36, 0, 23, 41, 44, 54, 57, 48, 26, 35, 31, 14, 58, 11, 64, 59, 37, 53, 9, 45, 49, 39, 50, 67, 29, 52, 46, 28, 2, 66, 55, 22, 8, 34, 27, 21, 65, 16]	combined
41	0.881355932203	0.932270916335	0.835714285714	0.886213124624	770	51	138	702	53	[60, 56, 40, 1, 62, 51, 24, 7, 12, 18, 19, 4, 13, 43, 10, 32, 33, 6, 20, 61, 36, 0, 23, 41, 44, 54, 57, 48, 26, 35, 31, 14, 58, 11, 64, 59, 37, 53, 9, 45, 49, 39, 50, 67, 29, 52, 46, 28, 2, 66, 55, 22, 8]	combined
42	0.881355932203	0.932270916335	0.835714285714	0.886213124624	770	51	138	702	52	[56, 60, 40, 62, 24, 51, 61, 1, 13, 7, 19, 36, 12, 18, 32, 20, 4, 43, 6, 59, 58, 0, 23, 35, 33, 44, 10, 14, 26, 37, 54, 46, 55, 31, 57, 41, 11, 22, 48, 45, 64, 53, 52, 67, 50, 29, 39, 9, 8, 65, 28, 66]	mi
43	0.881355932203	0.932270916335	0.835714285714	0.886213124624	770	51	138	702	46	[56, 60, 40, 62, 24, 51, 61, 1, 13, 7, 19, 36, 12, 18, 32, 20, 4, 43, 6, 59, 58, 0, 23, 35, 33, 44, 10, 14, 26, 37, 54, 46, 55, 31, 57, 41, 11, 22, 48, 45, 64, 53, 52, 67, 50, 29]	mi
44	0.881355932203	0.932270916335	0.835714285714	0.886213124624	770	51	138	702	60	[56, 60, 40, 62, 24, 51, 61, 1, 13, 7, 19, 36, 12, 18, 32, 20, 4, 43, 6, 59, 58, 0, 23, 35, 33, 44, 10, 14, 26, 37, 54, 46, 55, 31, 57, 41, 11, 22, 48, 45, 64, 53, 52, 67, 50, 29, 39, 9, 8, 65, 28, 66, 17, 16, 21, 38, 42, 30, 3, 34]	mi
45	0.881355932203	0.932270916335	0.835714285714	0.886213124624	770	51	138	702	45	[56, 60, 40, 62, 24, 51, 61, 1, 13, 7, 19, 36, 12, 18, 32, 20, 4, 43, 6, 59, 58, 0, 23, 35, 33, 44, 10, 14, 26, 37, 54, 46, 55, 31, 57, 41, 11, 22, 48, 45, 64, 53, 52, 67, 50]	mi
46	0.881355932203	0.932270916335	0.835714285714	0.886213124624	770	51	138	702	61	[56, 60, 40, 62, 24, 51, 61, 1, 13, 7, 19, 36, 12, 18, 32, 20, 4, 43, 6, 59, 58, 0, 23, 35, 33, 44, 10, 14, 26, 37, 54, 46, 55, 31, 57, 41, 11, 22, 48, 45, 64, 53, 52, 67, 50, 29, 39, 9, 8, 65, 28, 66, 17, 16, 21, 38, 42, 30, 3, 34, 63]	mi
47	0.881313131313	0.938172043011	0.830952380952	0.886815171583	775	46	142	698	44	[60, 56, 40, 1, 12, 51, 62, 13, 18, 19, 7, 33, 10, 20, 32, 43, 6, 24, 41, 4, 23, 57, 54, 48, 14, 31, 26, 0, 58, 36, 44, 9, 11, 64, 39, 49, 35, 50, 2, 45, 34, 61, 53, 37]	ranksum
48	0.881313131313	0.938172043011	0.830952380952	0.886815171583	775	46	142	698	45	[60, 56, 40, 1, 12, 51, 62, 13, 18, 19, 7, 33, 10, 20, 32, 43, 6, 24, 41, 4, 23, 57, 54, 48, 14, 31, 26, 0, 58, 36, 44, 9, 11, 64, 39, 49, 35, 50, 2, 45, 34, 61, 53, 37, 52]	ranksum
49	0.881101376721	0.928759894459	0.838095238095	0.885611077664	767	54	136	704	23	[60, 40, 24, 56, 7, 51, 44, 45, 62, 61, 64, 23, 35, 16, 47, 1, 9, 38, 32, 3, 5, 4, 8]	RFE
50	0.881101376721	0.928759894459	0.838095238095	0.885611077664	767	54	136	704	55	[56, 60, 40, 62, 24, 51, 61, 1, 13, 7, 19, 36, 12, 18, 32, 20, 4, 43, 6, 59, 58, 0, 23, 35, 33, 44, 10, 14, 26, 37, 54, 46, 55, 31, 57, 41, 11, 22, 48, 45, 64, 53, 52, 67, 50, 29, 39, 9, 8, 65, 28, 66, 17, 16, 21]	mi
51	0.881101376721	0.928759894459	0.838095238095	0.885611077664	767	54	136	704	54	[56, 60, 40, 62, 24, 51, 61, 1, 13, 7, 19, 36, 12, 18, 32, 20, 4, 43, 6, 59, 58, 0, 23, 35, 33, 44, 10, 14, 26, 37, 54, 46, 55, 31, 57, 41, 11, 22, 48, 45, 64, 53, 52, 67, 50, 29, 39, 9, 8, 65, 28, 66, 17, 16]	mi
52	0.881074168798	0.951657458564	0.820238095238	0.888019265503	786	35	151	689	16	[56, 60, 40, 62, 24, 51, 61, 1, 13, 7, 19, 36, 12, 18, 32, 20]	mi
53	0.881012658228	0.940540540541	0.828571428571	0.886815171583	777	44	144	696	37	[60, 56, 40, 1, 62, 51, 24, 7, 12, 18, 19, 4, 13, 43, 10, 32, 33, 6, 20, 61, 36, 0, 23, 41, 44, 54, 57, 48, 26, 35, 31, 14, 58, 11, 64, 59, 37]	combined
54	0.881012658228	0.940540540541	0.828571428571	0.886815171583	777	44	144	696	38	[60, 56, 40, 1, 62, 51, 24, 7, 12, 18, 19, 4, 13, 43, 10, 32, 33, 6, 20, 61, 36, 0, 23, 41, 44, 54, 57, 48, 26, 35, 31, 14, 58, 11, 64, 59, 37, 53]	combined
55	0.881012658228	0.940540540541	0.828571428571	0.886815171583	777	44	144	696	21	[60, 40, 56, 1, 62, 24, 4, 7, 61, 51, 10, 0, 18, 43, 33, 6, 12, 41, 19, 36, 32]	f-test
56	0.880967536601	0.946648426813	0.82380952381	0.887417218543	782	39	148	692	17	[60, 40, 24, 56, 7, 51, 44, 45, 62, 61, 64, 23, 35, 16, 47, 1, 9]	RFE
57	0.880861850444	0.941734417344	0.827380952381	0.886815171583	778	43	145	695	28	"[ 1  2  5  7  8  9 11 16 20 22 23 24 26 28 29 35 36 38 40 44 47 49 51 56 60
 61 62 64]"	Lasso
58	0.880757097792	0.936912751678	0.830952380952	0.886213124624	774	47	142	698	39	[60, 56, 40, 1, 62, 51, 24, 7, 12, 18, 19, 4, 13, 43, 10, 32, 33, 6, 20, 61, 36, 0, 23, 41, 44, 54, 57, 48, 26, 35, 31, 14, 58, 11, 64, 59, 37, 53, 9]	combined
59	0.880757097792	0.936912751678	0.830952380952	0.886213124624	774	47	142	698	46	[60, 56, 40, 1, 12, 51, 62, 13, 18, 19, 7, 33, 10, 20, 32, 43, 6, 24, 41, 4, 23, 57, 54, 48, 14, 31, 26, 0, 58, 36, 44, 9, 11, 64, 39, 49, 35, 50, 2, 45, 34, 61, 53, 37, 52, 8]	ranksum
60	0.880653266332	0.932180851064	0.834523809524	0.885611077664	770	51	139	701	44	[56, 60, 40, 62, 24, 51, 61, 1, 13, 7, 19, 36, 12, 18, 32, 20, 4, 43, 6, 59, 58, 0, 23, 35, 33, 44, 10, 14, 26, 37, 54, 46, 55, 31, 57, 41, 11, 22, 48, 45, 64, 53, 52, 67]	mi
61	0.880653266332	0.932180851064	0.834523809524	0.885611077664	770	51	139	701	65	[56, 60, 40, 62, 24, 51, 61, 1, 13, 7, 19, 36, 12, 18, 32, 20, 4, 43, 6, 59, 58, 0, 23, 35, 33, 44, 10, 14, 26, 37, 54, 46, 55, 31, 57, 41, 11, 22, 48, 45, 64, 53, 52, 67, 50, 29, 39, 9, 8, 65, 28, 66, 17, 16, 21, 38, 42, 30, 3, 34, 63, 49, 15, 25, 27]	mi
62	0.880653266332	0.932180851064	0.834523809524	0.885611077664	770	51	139	701	64	[56, 60, 40, 62, 24, 51, 61, 1, 13, 7, 19, 36, 12, 18, 32, 20, 4, 43, 6, 59, 58, 0, 23, 35, 33, 44, 10, 14, 26, 37, 54, 46, 55, 31, 57, 41, 11, 22, 48, 45, 64, 53, 52, 67, 50, 29, 39, 9, 8, 65, 28, 66, 17, 16, 21, 38, 42, 30, 3, 34, 63, 49, 15, 25]	mi
63	0.880653266332	0.932180851064	0.834523809524	0.885611077664	770	51	139	701	62	[56, 60, 40, 62, 24, 51, 61, 1, 13, 7, 19, 36, 12, 18, 32, 20, 4, 43, 6, 59, 58, 0, 23, 35, 33, 44, 10, 14, 26, 37, 54, 46, 55, 31, 57, 41, 11, 22, 48, 45, 64, 53, 52, 67, 50, 29, 39, 9, 8, 65, 28, 66, 17, 16, 21, 38, 42, 30, 3, 34, 63, 49]	mi
64	0.880653266332	0.932180851064	0.834523809524	0.885611077664	770	51	139	701	63	[56, 60, 40, 62, 24, 51, 61, 1, 13, 7, 19, 36, 12, 18, 32, 20, 4, 43, 6, 59, 58, 0, 23, 35, 33, 44, 10, 14, 26, 37, 54, 46, 55, 31, 57, 41, 11, 22, 48, 45, 64, 53, 52, 67, 50, 29, 39, 9, 8, 65, 28, 66, 17, 16, 21, 38, 42, 30, 3, 34, 63, 49, 15]	mi
65	0.880550343965	0.927536231884	0.838095238095	0.885009030704	766	55	136	704	22	[60, 40, 24, 56, 7, 51, 44, 45, 62, 61, 64, 23, 35, 16, 47, 1, 9, 38, 32, 3, 5, 4]	RFE
66	0.880511182109	0.950344827586	0.820238095238	0.887417218543	785	36	151	689	15	[56, 60, 40, 62, 24, 51, 61, 1, 13, 7, 19, 36, 12, 18, 32]	mi
67	0.880503144654	0.933333333333	0.833333333333	0.885611077664	771	50	140	700	49	[60, 56, 40, 1, 12, 51, 62, 13, 18, 19, 7, 33, 10, 20, 32, 43, 6, 24, 41, 4, 23, 57, 54, 48, 14, 31, 26, 0, 58, 36, 44, 9, 11, 64, 39, 49, 35, 50, 2, 45, 34, 61, 53, 37, 52, 8, 59, 27, 29]	ranksum
68	0.880503144654	0.933333333333	0.833333333333	0.885611077664	771	50	140	700	50	[60, 56, 40, 1, 12, 51, 62, 13, 18, 19, 7, 33, 10, 20, 32, 43, 6, 24, 41, 4, 23, 57, 54, 48, 14, 31, 26, 0, 58, 36, 44, 9, 11, 64, 39, 49, 35, 50, 2, 45, 34, 61, 53, 37, 52, 8, 59, 27, 29, 46]	ranksum
69	0.88045540797	0.939271255061	0.828571428571	0.886213124624	776	45	144	696	40	[56, 60, 40, 62, 24, 51, 61, 1, 13, 7, 19, 36, 12, 18, 32, 20, 4, 43, 6, 59, 58, 0, 23, 35, 33, 44, 10, 14, 26, 37, 54, 46, 55, 31, 57, 41, 11, 22, 48, 45]	mi
70	0.880407124682	0.945355191257	0.82380952381	0.886815171583	781	40	148	692	18	[60, 40, 24, 56, 7, 51, 44, 45, 62, 61, 64, 23, 35, 16, 47, 1, 9, 38]	RFE
71	0.880352644836	0.93449197861	0.832142857143	0.885611077664	772	49	141	699	42	[60, 56, 40, 1, 62, 51, 24, 7, 12, 18, 19, 4, 13, 43, 10, 32, 33, 6, 20, 61, 36, 0, 23, 41, 44, 54, 57, 48, 26, 35, 31, 14, 58, 11, 64, 59, 37, 53, 9, 45, 49, 39]	combined
72	0.880352644836	0.93449197861	0.832142857143	0.885611077664	772	49	141	699	43	[56, 60, 40, 62, 24, 51, 61, 1, 13, 7, 19, 36, 12, 18, 32, 20, 4, 43, 6, 59, 58, 0, 23, 35, 33, 44, 10, 14, 26, 37, 54, 46, 55, 31, 57, 41, 11, 22, 48, 45, 64, 53, 52]	mi
73	0.880352644836	0.93449197861	0.832142857143	0.885611077664	772	49	141	699	41	[56, 60, 40, 62, 24, 51, 61, 1, 13, 7, 19, 36, 12, 18, 32, 20, 4, 43, 6, 59, 58, 0, 23, 35, 33, 44, 10, 14, 26, 37, 54, 46, 55, 31, 57, 41, 11, 22, 48, 45, 64]	mi
74	0.880352644836	0.93449197861	0.832142857143	0.885611077664	772	49	141	699	41	[60, 56, 40, 1, 62, 51, 24, 7, 12, 18, 19, 4, 13, 43, 10, 32, 33, 6, 20, 61, 36, 0, 23, 41, 44, 54, 57, 48, 26, 35, 31, 14, 58, 11, 64, 59, 37, 53, 9, 45, 49]	combined
75	0.880352644836	0.93449197861	0.832142857143	0.885611077664	772	49	141	699	43	[60, 56, 40, 1, 62, 51, 24, 7, 12, 18, 19, 4, 13, 43, 10, 32, 33, 6, 20, 61, 36, 0, 23, 41, 44, 54, 57, 48, 26, 35, 31, 14, 58, 11, 64, 59, 37, 53, 9, 45, 49, 39, 50]	combined
76	0.880352644836	0.93449197861	0.832142857143	0.885611077664	772	49	141	699	42	[56, 60, 40, 62, 24, 51, 61, 1, 13, 7, 19, 36, 12, 18, 32, 20, 4, 43, 6, 59, 58, 0, 23, 35, 33, 44, 10, 14, 26, 37, 54, 46, 55, 31, 57, 41, 11, 22, 48, 45, 64, 53]	mi
77	0.880303989867	0.940460081191	0.827380952381	0.886213124624	777	44	145	695	32	[56, 60, 40, 62, 24, 51, 61, 1, 13, 7, 19, 36, 12, 18, 32, 20, 4, 43, 6, 59, 58, 0, 23, 35, 33, 44, 10, 14, 26, 37, 54, 46]	mi
78	0.880303989867	0.940460081191	0.827380952381	0.886213124624	777	44	145	695	33	[56, 60, 40, 62, 24, 51, 61, 1, 13, 7, 19, 36, 12, 18, 32, 20, 4, 43, 6, 59, 58, 0, 23, 35, 33, 44, 10, 14, 26, 37, 54, 46, 55]	mi
79	0.880303989867	0.940460081191	0.827380952381	0.886213124624	777	44	145	695	31	[56, 60, 40, 62, 24, 51, 61, 1, 13, 7, 19, 36, 12, 18, 32, 20, 4, 43, 6, 59, 58, 0, 23, 35, 33, 44, 10, 14, 26, 37, 54]	mi
80	0.880303989867	0.940460081191	0.827380952381	0.886213124624	777	44	145	695	34	[56, 60, 40, 62, 24, 51, 61, 1, 13, 7, 19, 36, 12, 18, 32, 20, 4, 43, 6, 59, 58, 0, 23, 35, 33, 44, 10, 14, 26, 37, 54, 46, 55, 31]	mi
81	0.880303989867	0.940460081191	0.827380952381	0.886213124624	777	44	145	695	36	[56, 60, 40, 62, 24, 51, 61, 1, 13, 7, 19, 36, 12, 18, 32, 20, 4, 43, 6, 59, 58, 0, 23, 35, 33, 44, 10, 14, 26, 37, 54, 46, 55, 31, 57, 41]	mi
82	0.880303989867	0.940460081191	0.827380952381	0.886213124624	777	44	145	695	37	[56, 60, 40, 62, 24, 51, 61, 1, 13, 7, 19, 36, 12, 18, 32, 20, 4, 43, 6, 59, 58, 0, 23, 35, 33, 44, 10, 14, 26, 37, 54, 46, 55, 31, 57, 41, 11]	mi
83	0.880303989867	0.940460081191	0.827380952381	0.886213124624	777	44	145	695	35	[56, 60, 40, 62, 24, 51, 61, 1, 13, 7, 19, 36, 12, 18, 32, 20, 4, 43, 6, 59, 58, 0, 23, 35, 33, 44, 10, 14, 26, 37, 54, 46, 55, 31, 57]	mi
84	0.88	0.926315789474	0.838095238095	0.884406983745	765	56	136	704	24	[60, 40, 24, 56, 7, 51, 44, 45, 62, 61, 64, 23, 35, 16, 47, 1, 9, 38, 32, 3, 5, 4, 8, 49]	RFE
85	0.88	0.926315789474	0.838095238095	0.884406983745	765	56	136	704	28	[60, 40, 24, 56, 7, 51, 44, 45, 62, 61, 64, 23, 35, 16, 47, 1, 9, 38, 32, 3, 5, 4, 8, 49, 67, 37, 20, 26]	RFE
86	0.88	0.942857142857	0.825	0.886213124624	779	42	147	693	29	[60, 56, 40, 1, 62, 51, 24, 7, 12, 18, 19, 4, 13, 43, 10, 32, 33, 6, 20, 61, 36, 0, 23, 41, 44, 54, 57, 48, 26]	combined
87	0.88	0.926315789474	0.838095238095	0.884406983745	765	56	136	704	29	[60, 40, 24, 56, 7, 51, 44, 45, 62, 61, 64, 23, 35, 16, 47, 1, 9, 38, 32, 3, 5, 4, 8, 49, 67, 37, 20, 26, 36]	RFE
88	0.8798988622	0.938005390836	0.828571428571	0.885611077664	775	46	144	696	34	[60, 56, 40, 1, 62, 51, 24, 7, 12, 18, 19, 4, 13, 43, 10, 32, 33, 6, 20, 61, 36, 0, 23, 41, 44, 54, 57, 48, 26, 35, 31, 14, 58, 11]	combined
89	0.8798988622	0.938005390836	0.828571428571	0.885611077664	775	46	144	696	28	[60, 40, 56, 1, 62, 24, 4, 7, 61, 51, 10, 0, 18, 43, 33, 6, 12, 41, 19, 36, 32, 20, 44, 23, 53, 48, 54, 49]	f-test
90	0.8798988622	0.938005390836	0.828571428571	0.885611077664	775	46	144	696	33	[60, 56, 40, 1, 62, 51, 24, 7, 12, 18, 19, 4, 13, 43, 10, 32, 33, 6, 20, 61, 36, 0, 23, 41, 44, 54, 57, 48, 26, 35, 31, 14, 58]	combined
91	0.8798988622	0.938005390836	0.828571428571	0.885611077664	775	46	144	696	30	[60, 40, 56, 1, 62, 24, 4, 7, 61, 51, 10, 0, 18, 43, 33, 6, 12, 41, 19, 36, 32, 20, 44, 23, 53, 48, 54, 49, 13, 57]	f-test
92	0.8798988622	0.938005390836	0.828571428571	0.885611077664	775	46	144	696	29	[60, 40, 56, 1, 62, 24, 4, 7, 61, 51, 10, 0, 18, 43, 33, 6, 12, 41, 19, 36, 32, 20, 44, 23, 53, 48, 54, 49, 13]	f-test
93	0.879847425302	0.944065484311	0.82380952381	0.886213124624	780	41	148	692	17	[60, 40, 56, 1, 62, 24, 4, 7, 61, 51, 10, 0, 18, 43, 33, 6, 12]	f-test
94	0.879847425302	0.944065484311	0.82380952381	0.886213124624	780	41	148	692	22	[56, 60, 40, 62, 24, 51, 61, 1, 13, 7, 19, 36, 12, 18, 32, 20, 4, 43, 6, 59, 58, 0]	mi
95	0.879750778816	0.922875816993	0.840476190476	0.883804936785	762	59	134	706	46	"[ 0  1  2  4  5  7  8  9 10 11 12 16 17 20 22 23 24 26 27 28 29 32 33 35 36
 37 38 40 43 44 47 48 49 50 51 52 53 56 58 59 60 61 62 64 66 67]"	Lasso
96	0.879750778816	0.922875816993	0.840476190476	0.883804936785	762	59	134	706	41	"[ 0  1  2  4  5  7  8  9 10 11 12 16 17 20 22 23 24 26 28 29 32 33 35 36 37
 38 40 43 44 47 48 49 51 52 56 59 60 61 62 64 67]"	Lasso
97	0.879746835443	0.939189189189	0.827380952381	0.885611077664	776	45	145	695	36	[60, 56, 40, 1, 62, 51, 24, 7, 12, 18, 19, 4, 13, 43, 10, 32, 33, 6, 20, 61, 36, 0, 23, 41, 44, 54, 57, 48, 26, 35, 31, 14, 58, 11, 64, 59]	combined
98	0.879746835443	0.939189189189	0.827380952381	0.885611077664	776	45	145	695	26	"[ 1  2  5  7  8  9 11 16 20 22 23 24 29 35 36 38 40 44 47 49 51 56 60 61 62
 64]"	Lasso
99	0.879746835443	0.939189189189	0.827380952381	0.885611077664	776	45	145	695	22	[60, 40, 56, 1, 62, 24, 4, 7, 61, 51, 10, 0, 18, 43, 33, 6, 12, 41, 19, 36, 32, 20]	f-test
100	0.879647132955	0.934404283802	0.830952380952	0.885009030704	772	49	142	698	32	[60, 40, 56, 1, 62, 24, 4, 7, 61, 51, 10, 0, 18, 43, 33, 6, 12, 41, 19, 36, 32, 20, 44, 23, 53, 48, 54, 49, 13, 57, 64, 35]	f-test
101	0.879495268139	0.935570469799	0.829761904762	0.885009030704	773	48	143	697	23	[56, 60, 40, 62, 24, 51, 61, 1, 13, 7, 19, 36, 12, 18, 32, 20, 4, 43, 6, 59, 58, 0, 23]	mi
102	0.879450343535	0.925098554534	0.838095238095	0.883804936785	764	57	136	704	61	[60, 56, 40, 1, 12, 51, 62, 13, 18, 19, 7, 33, 10, 20, 32, 43, 6, 24, 41, 4, 23, 57, 54, 48, 14, 31, 26, 0, 58, 36, 44, 9, 11, 64, 39, 49, 35, 50, 2, 45, 34, 61, 53, 37, 52, 8, 59, 27, 29, 46, 28, 67, 5, 55, 21, 66, 22, 42, 30, 16, 17]	ranksum
103	0.879450343535	0.925098554534	0.838095238095	0.883804936785	764	57	136	704	26	[60, 40, 24, 56, 7, 51, 44, 45, 62, 61, 64, 23, 35, 16, 47, 1, 9, 38, 32, 3, 5, 4, 8, 49, 67, 37]	RFE
104	0.879450343535	0.925098554534	0.838095238095	0.883804936785	764	57	136	704	27	[60, 40, 24, 56, 7, 51, 44, 45, 62, 61, 64, 23, 35, 16, 47, 1, 9, 38, 32, 3, 5, 4, 8, 49, 67, 37, 20]	RFE
105	0.879450343535	0.925098554534	0.838095238095	0.883804936785	764	57	136	704	62	[60, 56, 40, 1, 62, 51, 24, 7, 12, 18, 19, 4, 13, 43, 10, 32, 33, 6, 20, 61, 36, 0, 23, 41, 44, 54, 57, 48, 26, 35, 31, 14, 58, 11, 64, 59, 37, 53, 9, 45, 49, 39, 50, 67, 29, 52, 46, 28, 2, 66, 55, 22, 8, 34, 27, 21, 65, 16, 5, 17, 42, 30]	combined
106	0.879450343535	0.925098554534	0.838095238095	0.883804936785	764	57	136	704	62	[60, 56, 40, 1, 12, 51, 62, 13, 18, 19, 7, 33, 10, 20, 32, 43, 6, 24, 41, 4, 23, 57, 54, 48, 14, 31, 26, 0, 58, 36, 44, 9, 11, 64, 39, 49, 35, 50, 2, 45, 34, 61, 53, 37, 52, 8, 59, 27, 29, 46, 28, 67, 5, 55, 21, 66, 22, 42, 30, 16, 17, 63]	ranksum
107	0.879450343535	0.925098554534	0.838095238095	0.883804936785	764	57	136	704	59	[60, 56, 40, 1, 62, 51, 24, 7, 12, 18, 19, 4, 13, 43, 10, 32, 33, 6, 20, 61, 36, 0, 23, 41, 44, 54, 57, 48, 26, 35, 31, 14, 58, 11, 64, 59, 37, 53, 9, 45, 49, 39, 50, 67, 29, 52, 46, 28, 2, 66, 55, 22, 8, 34, 27, 21, 65, 16, 5]	combined
108	0.879450343535	0.925098554534	0.838095238095	0.883804936785	764	57	136	704	60	[60, 56, 40, 1, 12, 51, 62, 13, 18, 19, 7, 33, 10, 20, 32, 43, 6, 24, 41, 4, 23, 57, 54, 48, 14, 31, 26, 0, 58, 36, 44, 9, 11, 64, 39, 49, 35, 50, 2, 45, 34, 61, 53, 37, 52, 8, 59, 27, 29, 46, 28, 67, 5, 55, 21, 66, 22, 42, 30, 16]	ranksum
109	0.879450343535	0.925098554534	0.838095238095	0.883804936785	764	57	136	704	61	[60, 56, 40, 1, 62, 51, 24, 7, 12, 18, 19, 4, 13, 43, 10, 32, 33, 6, 20, 61, 36, 0, 23, 41, 44, 54, 57, 48, 26, 35, 31, 14, 58, 11, 64, 59, 37, 53, 9, 45, 49, 39, 50, 67, 29, 52, 46, 28, 2, 66, 55, 22, 8, 34, 27, 21, 65, 16, 5, 17, 42]	combined
110	0.879450343535	0.925098554534	0.838095238095	0.883804936785	764	57	136	704	60	[60, 56, 40, 1, 62, 51, 24, 7, 12, 18, 19, 4, 13, 43, 10, 32, 33, 6, 20, 61, 36, 0, 23, 41, 44, 54, 57, 48, 26, 35, 31, 14, 58, 11, 64, 59, 37, 53, 9, 45, 49, 39, 50, 67, 29, 52, 46, 28, 2, 66, 55, 22, 8, 34, 27, 21, 65, 16, 5, 17]	combined
111	0.879441624365	0.941576086957	0.825	0.885611077664	778	43	147	693	27	[60, 56, 40, 1, 62, 51, 24, 7, 12, 18, 19, 4, 13, 43, 10, 32, 33, 6, 20, 61, 36, 0, 23, 41, 44, 54, 57]	combined
112	0.879441624365	0.941576086957	0.825	0.885611077664	778	43	147	693	27	[60, 40, 56, 1, 62, 24, 4, 7, 61, 51, 10, 0, 18, 43, 33, 6, 12, 41, 19, 36, 32, 20, 44, 23, 53, 48, 54]	f-test
113	0.879441624365	0.941576086957	0.825	0.885611077664	778	43	147	693	22	[60, 56, 40, 1, 62, 51, 24, 7, 12, 18, 19, 4, 13, 43, 10, 32, 33, 6, 20, 61, 36, 0]	combined
114	0.879396984925	0.93085106383	0.833333333333	0.884406983745	769	52	140	700	66	[56, 60, 40, 62, 24, 51, 61, 1, 13, 7, 19, 36, 12, 18, 32, 20, 4, 43, 6, 59, 58, 0, 23, 35, 33, 44, 10, 14, 26, 37, 54, 46, 55, 31, 57, 41, 11, 22, 48, 45, 64, 53, 52, 67, 50, 29, 39, 9, 8, 65, 28, 66, 17, 16, 21, 38, 42, 30, 3, 34, 63, 49, 15, 25, 27, 47]	mi
115	0.879343019583	0.936742934051	0.828571428571	0.885009030704	774	47	144	696	40	[60, 56, 40, 1, 62, 51, 24, 7, 12, 18, 19, 4, 13, 43, 10, 32, 33, 6, 20, 61, 36, 0, 23, 41, 44, 54, 57, 48, 26, 35, 31, 14, 58, 11, 64, 59, 37, 53, 9, 45]	combined
116	0.879343019583	0.936742934051	0.828571428571	0.885009030704	774	47	144	696	24	[56, 60, 40, 62, 24, 51, 61, 1, 13, 7, 19, 36, 12, 18, 32, 20, 4, 43, 6, 59, 58, 0, 23, 35]	mi
117	0.879343019583	0.936742934051	0.828571428571	0.885009030704	774	47	144	696	29	[56, 60, 40, 62, 24, 51, 61, 1, 13, 7, 19, 36, 12, 18, 32, 20, 4, 43, 6, 59, 58, 0, 23, 35, 33, 44, 10, 14, 26]	mi
118	0.879299562226	0.926218708827	0.836904761905	0.883804936785	765	56	137	703	59	[60, 56, 40, 1, 12, 51, 62, 13, 18, 19, 7, 33, 10, 20, 32, 43, 6, 24, 41, 4, 23, 57, 54, 48, 14, 31, 26, 0, 58, 36, 44, 9, 11, 64, 39, 49, 35, 50, 2, 45, 34, 61, 53, 37, 52, 8, 59, 27, 29, 46, 28, 67, 5, 55, 21, 66, 22, 42, 30]	ranksum
119	0.879299562226	0.926218708827	0.836904761905	0.883804936785	765	56	137	703	58	[60, 56, 40, 1, 12, 51, 62, 13, 18, 19, 7, 33, 10, 20, 32, 43, 6, 24, 41, 4, 23, 57, 54, 48, 14, 31, 26, 0, 58, 36, 44, 9, 11, 64, 39, 49, 35, 50, 2, 45, 34, 61, 53, 37, 52, 8, 59, 27, 29, 46, 28, 67, 5, 55, 21, 66, 22, 42]	ranksum
120	0.879299562226	0.926218708827	0.836904761905	0.883804936785	765	56	137	703	25	[60, 40, 24, 56, 7, 51, 44, 45, 62, 61, 64, 23, 35, 16, 47, 1, 9, 38, 32, 3, 5, 4, 8, 49, 67]	RFE
121	0.879245283019	0.932	0.832142857143	0.884406983745	770	51	141	699	51	[60, 56, 40, 1, 12, 51, 62, 13, 18, 19, 7, 33, 10, 20, 32, 43, 6, 24, 41, 4, 23, 57, 54, 48, 14, 31, 26, 0, 58, 36, 44, 9, 11, 64, 39, 49, 35, 50, 2, 45, 34, 61, 53, 37, 52, 8, 59, 27, 29, 46, 28]	ranksum
122	0.879093198992	0.933155080214	0.830952380952	0.884406983745	771	50	142	698	48	[60, 56, 40, 1, 12, 51, 62, 13, 18, 19, 7, 33, 10, 20, 32, 43, 6, 24, 41, 4, 23, 57, 54, 48, 14, 31, 26, 0, 58, 36, 44, 9, 11, 64, 39, 49, 35, 50, 2, 45, 34, 61, 53, 37, 52, 8, 59, 27]	ranksum
123	0.879093198992	0.933155080214	0.830952380952	0.884406983745	771	50	142	698	47	[60, 56, 40, 1, 12, 51, 62, 13, 18, 19, 7, 33, 10, 20, 32, 43, 6, 24, 41, 4, 23, 57, 54, 48, 14, 31, 26, 0, 58, 36, 44, 9, 11, 64, 39, 49, 35, 50, 2, 45, 34, 61, 53, 37, 52, 8, 59]	ranksum
124	0.879037365421	0.939106901218	0.82619047619	0.885009030704	776	45	146	694	29	"[ 1  2  5  7  8  9 11 16 20 22 23 24 26 28 29 35 36 38 40 44 47 49 51 56 60
 61 62 64 67]"	Lasso
125	0.879037365421	0.939106901218	0.82619047619	0.885009030704	776	45	146	694	27	"[ 1  2  5  7  8  9 11 16 20 22 23 24 28 29 35 36 38 40 44 47 49 51 56 60 61
 62 64]"	Lasso
126	0.879037365421	0.939106901218	0.82619047619	0.885009030704	776	45	146	694	30	[60, 56, 40, 1, 62, 51, 24, 7, 12, 18, 19, 4, 13, 43, 10, 32, 33, 6, 20, 61, 36, 0, 23, 41, 44, 54, 57, 48, 26, 35]	combined
127	0.879037365421	0.939106901218	0.82619047619	0.885009030704	776	45	146	694	31	[60, 56, 40, 1, 62, 51, 24, 7, 12, 18, 19, 4, 13, 43, 10, 32, 33, 6, 20, 61, 36, 0, 23, 41, 44, 54, 57, 48, 26, 35, 31]	combined
128	0.879037365421	0.939106901218	0.82619047619	0.885009030704	776	45	146	694	32	[60, 56, 40, 1, 62, 51, 24, 7, 12, 18, 19, 4, 13, 43, 10, 32, 33, 6, 20, 61, 36, 0, 23, 41, 44, 54, 57, 48, 26, 35, 31, 14]	combined
129	0.878901373283	0.923884514436	0.838095238095	0.883202889825	763	58	136	704	34	"[ 1  2  4  5  7  8  9 11 12 16 20 22 23 24 26 28 29 32 33 35 36 37 38 40 44
 47 49 51 56 60 61 62 64 67]"	Lasso
130	0.87888395688	0.940298507463	0.825	0.885009030704	777	44	147	693	26	[60, 56, 40, 1, 62, 51, 24, 7, 12, 18, 19, 4, 13, 43, 10, 32, 33, 6, 20, 61, 36, 0, 23, 41, 44, 54]	combined
131	0.87875	0.925	0.836904761905	0.883202889825	764	57	137	703	57	[60, 56, 40, 1, 12, 51, 62, 13, 18, 19, 7, 33, 10, 20, 32, 43, 6, 24, 41, 4, 23, 57, 54, 48, 14, 31, 26, 0, 58, 36, 44, 9, 11, 64, 39, 49, 35, 50, 2, 45, 34, 61, 53, 37, 52, 8, 59, 27, 29, 46, 28, 67, 5, 55, 21, 66, 22]	ranksum
132	0.87873015873	0.941496598639	0.82380952381	0.885009030704	778	43	148	692	28	[60, 56, 40, 1, 62, 51, 24, 7, 12, 18, 19, 4, 13, 43, 10, 32, 33, 6, 20, 61, 36, 0, 23, 41, 44, 54, 57, 48]	combined
133	0.878692646135	0.930758988016	0.832142857143	0.883804936785	769	52	141	699	49	[56, 60, 40, 62, 24, 51, 61, 1, 13, 7, 19, 36, 12, 18, 32, 20, 4, 43, 6, 59, 58, 0, 23, 35, 33, 44, 10, 14, 26, 37, 54, 46, 55, 31, 57, 41, 11, 22, 48, 45, 64, 53, 52, 67, 50, 29, 39, 9, 8]	mi
134	0.878692646135	0.930758988016	0.832142857143	0.883804936785	769	52	141	699	50	[56, 60, 40, 62, 24, 51, 61, 1, 13, 7, 19, 36, 12, 18, 32, 20, 4, 43, 6, 59, 58, 0, 23, 35, 33, 44, 10, 14, 26, 37, 54, 46, 55, 31, 57, 41, 11, 22, 48, 45, 64, 53, 52, 67, 50, 29, 39, 9, 8, 65]	mi
135	0.878634639697	0.936657681941	0.827380952381	0.884406983745	774	47	145	695	35	[60, 56, 40, 1, 62, 51, 24, 7, 12, 18, 19, 4, 13, 43, 10, 32, 33, 6, 20, 61, 36, 0, 23, 41, 44, 54, 57, 48, 26, 35, 31, 14, 58, 11, 64]	combined
136	0.878575969485	0.942701227831	0.822619047619	0.885009030704	779	42	149	691	15	[60, 40, 56, 1, 62, 24, 4, 7, 61, 51, 10, 0, 18, 43, 33]	f-test
137	0.878575969485	0.942701227831	0.822619047619	0.885009030704	779	42	149	691	16	[60, 40, 56, 1, 62, 24, 4, 7, 61, 51, 10, 0, 18, 43, 33, 6]	f-test
138	0.87835308796	0.922673656619	0.838095238095	0.882600842866	762	59	136	704	44	"[ 0  1  2  4  5  7  8  9 10 11 12 16 17 20 22 23 24 26 27 28 29 32 33 35 36
 37 38 40 43 44 47 48 49 50 51 52 56 58 59 60 61 62 64 67]"	Lasso
139	0.87835308796	0.922673656619	0.838095238095	0.882600842866	762	59	136	704	43	"[ 0  1  2  4  5  7  8  9 10 11 12 16 17 20 22 23 24 26 27 28 29 32 33 35 36
 37 38 40 43 44 47 48 49 51 52 56 58 59 60 61 62 64 67]"	Lasso
140	0.87835308796	0.922673656619	0.838095238095	0.882600842866	762	59	136	704	42	"[ 0  1  2  4  5  7  8  9 10 11 12 16 17 20 22 23 24 26 28 29 32 33 35 36 37
 38 40 43 44 47 48 49 51 52 56 58 59 60 61 62 64 67]"	Lasso
141	0.87835308796	0.922673656619	0.838095238095	0.882600842866	762	59	136	704	33	"[ 1  2  4  5  7  8  9 11 16 20 22 23 24 26 28 29 32 33 35 36 37 38 40 44 47
 49 51 56 60 61 62 64 67]"	Lasso
142	0.878201124297	0.923784494087	0.836904761905	0.882600842866	763	58	137	703	63	[60, 40, 24, 56, 7, 51, 44, 45, 62, 61, 64, 23, 35, 16, 47, 1, 9, 38, 32, 3, 5, 4, 8, 49, 67, 37, 20, 26, 36, 10, 54, 39, 2, 19, 28, 29, 17, 12, 53, 33, 43, 52, 59, 55, 41, 50, 48, 18, 42, 58, 0, 30, 15, 27, 65, 66, 11, 21, 31, 22, 14, 63, 6]	RFE
143	0.878201124297	0.923784494087	0.836904761905	0.882600842866	763	58	137	703	32	"[ 1  2  4  5  7  8  9 11 16 20 22 23 24 26 28 29 32 33 35 36 38 40 44 47 49
 51 56 60 61 62 64 67]"	Lasso
144	0.878201124297	0.923784494087	0.836904761905	0.882600842866	763	58	137	703	60	[60, 40, 24, 56, 7, 51, 44, 45, 62, 61, 64, 23, 35, 16, 47, 1, 9, 38, 32, 3, 5, 4, 8, 49, 67, 37, 20, 26, 36, 10, 54, 39, 2, 19, 28, 29, 17, 12, 53, 33, 43, 52, 59, 55, 41, 50, 48, 18, 42, 58, 0, 30, 15, 27, 65, 66, 11, 21, 31, 22]	RFE
145	0.878201124297	0.923784494087	0.836904761905	0.882600842866	763	58	137	703	61	[60, 40, 24, 56, 7, 51, 44, 45, 62, 61, 64, 23, 35, 16, 47, 1, 9, 38, 32, 3, 5, 4, 8, 49, 67, 37, 20, 26, 36, 10, 54, 39, 2, 19, 28, 29, 17, 12, 53, 33, 43, 52, 59, 55, 41, 50, 48, 18, 42, 58, 0, 30, 15, 27, 65, 66, 11, 21, 31, 22, 14]	RFE
146	0.878201124297	0.923784494087	0.836904761905	0.882600842866	763	58	137	703	68	[60, 56, 40, 1, 62, 51, 24, 7, 12, 18, 19, 4, 13, 43, 10, 32, 33, 6, 20, 61, 36, 0, 23, 41, 44, 54, 57, 48, 26, 35, 31, 14, 58, 11, 64, 59, 37, 53, 9, 45, 49, 39, 50, 67, 29, 52, 46, 28, 2, 66, 55, 22, 8, 34, 27, 21, 65, 16, 5, 17, 42, 30, 47, 3, 38, 63, 15, 25]	combined
147	0.878201124297	0.923784494087	0.836904761905	0.882600842866	763	58	137	703	68	[60, 40, 24, 56, 7, 51, 44, 45, 62, 61, 64, 23, 35, 16, 47, 1, 9, 38, 32, 3, 5, 4, 8, 49, 67, 37, 20, 26, 36, 10, 54, 39, 2, 19, 28, 29, 17, 12, 53, 33, 43, 52, 59, 55, 41, 50, 48, 18, 42, 58, 0, 30, 15, 27, 65, 66, 11, 21, 31, 22, 14, 63, 6, 13, 57, 46, 34, 25]	RFE
148	0.878201124297	0.923784494087	0.836904761905	0.882600842866	763	58	137	703	65	[60, 56, 40, 1, 62, 51, 24, 7, 12, 18, 19, 4, 13, 43, 10, 32, 33, 6, 20, 61, 36, 0, 23, 41, 44, 54, 57, 48, 26, 35, 31, 14, 58, 11, 64, 59, 37, 53, 9, 45, 49, 39, 50, 67, 29, 52, 46, 28, 2, 66, 55, 22, 8, 34, 27, 21, 65, 16, 5, 17, 42, 30, 47, 3, 38]	combined
149	0.878201124297	0.923784494087	0.836904761905	0.882600842866	763	58	137	703	68	[56, 60, 40, 62, 24, 51, 61, 1, 13, 7, 19, 36, 12, 18, 32, 20, 4, 43, 6, 59, 58, 0, 23, 35, 33, 44, 10, 14, 26, 37, 54, 46, 55, 31, 57, 41, 11, 22, 48, 45, 64, 53, 52, 67, 50, 29, 39, 9, 8, 65, 28, 66, 17, 16, 21, 38, 42, 30, 3, 34, 63, 49, 15, 25, 27, 47, 5, 2]	mi
150	0.878201124297	0.923784494087	0.836904761905	0.882600842866	763	58	137	703	68	[60, 56, 40, 1, 12, 51, 62, 13, 18, 19, 7, 33, 10, 20, 32, 43, 6, 24, 41, 4, 23, 57, 54, 48, 14, 31, 26, 0, 58, 36, 44, 9, 11, 64, 39, 49, 35, 50, 2, 45, 34, 61, 53, 37, 52, 8, 59, 27, 29, 46, 28, 67, 5, 55, 21, 66, 22, 42, 30, 16, 17, 63, 47, 3, 65, 38, 15, 25]	ranksum
151	0.878201124297	0.923784494087	0.836904761905	0.882600842866	763	58	137	703	68	[60, 40, 56, 1, 62, 24, 4, 7, 61, 51, 10, 0, 18, 43, 33, 6, 12, 41, 19, 36, 32, 20, 44, 23, 53, 48, 54, 49, 13, 57, 64, 35, 26, 9, 37, 11, 31, 67, 45, 59, 29, 2, 66, 39, 14, 28, 47, 58, 5, 50, 27, 52, 65, 16, 21, 17, 3, 42, 30, 22, 46, 34, 38, 63, 55, 15, 8, 25]	f-test
152	0.878201124297	0.923784494087	0.836904761905	0.882600842866	763	58	137	703	67	[60, 40, 24, 56, 7, 51, 44, 45, 62, 61, 64, 23, 35, 16, 47, 1, 9, 38, 32, 3, 5, 4, 8, 49, 67, 37, 20, 26, 36, 10, 54, 39, 2, 19, 28, 29, 17, 12, 53, 33, 43, 52, 59, 55, 41, 50, 48, 18, 42, 58, 0, 30, 15, 27, 65, 66, 11, 21, 31, 22, 14, 63, 6, 13, 57, 46, 34]	RFE
153	0.878201124297	0.923784494087	0.836904761905	0.882600842866	763	58	137	703	67	[60, 56, 40, 1, 62, 51, 24, 7, 12, 18, 19, 4, 13, 43, 10, 32, 33, 6, 20, 61, 36, 0, 23, 41, 44, 54, 57, 48, 26, 35, 31, 14, 58, 11, 64, 59, 37, 53, 9, 45, 49, 39, 50, 67, 29, 52, 46, 28, 2, 66, 55, 22, 8, 34, 27, 21, 65, 16, 5, 17, 42, 30, 47, 3, 38, 63, 15]	combined
154	0.878201124297	0.923784494087	0.836904761905	0.882600842866	763	58	137	703	65	[60, 40, 24, 56, 7, 51, 44, 45, 62, 61, 64, 23, 35, 16, 47, 1, 9, 38, 32, 3, 5, 4, 8, 49, 67, 37, 20, 26, 36, 10, 54, 39, 2, 19, 28, 29, 17, 12, 53, 33, 43, 52, 59, 55, 41, 50, 48, 18, 42, 58, 0, 30, 15, 27, 65, 66, 11, 21, 31, 22, 14, 63, 6, 13, 57]	RFE
155	0.878201124297	0.923784494087	0.836904761905	0.882600842866	763	58	137	703	66	[60, 56, 40, 1, 12, 51, 62, 13, 18, 19, 7, 33, 10, 20, 32, 43, 6, 24, 41, 4, 23, 57, 54, 48, 14, 31, 26, 0, 58, 36, 44, 9, 11, 64, 39, 49, 35, 50, 2, 45, 34, 61, 53, 37, 52, 8, 59, 27, 29, 46, 28, 67, 5, 55, 21, 66, 22, 42, 30, 16, 17, 63, 47, 3, 65, 38]	ranksum
156	0.878201124297	0.923784494087	0.836904761905	0.882600842866	763	58	137	703	66	[60, 56, 40, 1, 62, 51, 24, 7, 12, 18, 19, 4, 13, 43, 10, 32, 33, 6, 20, 61, 36, 0, 23, 41, 44, 54, 57, 48, 26, 35, 31, 14, 58, 11, 64, 59, 37, 53, 9, 45, 49, 39, 50, 67, 29, 52, 46, 28, 2, 66, 55, 22, 8, 34, 27, 21, 65, 16, 5, 17, 42, 30, 47, 3, 38, 63]	combined
157	0.878201124297	0.923784494087	0.836904761905	0.882600842866	763	58	137	703	67	[60, 56, 40, 1, 12, 51, 62, 13, 18, 19, 7, 33, 10, 20, 32, 43, 6, 24, 41, 4, 23, 57, 54, 48, 14, 31, 26, 0, 58, 36, 44, 9, 11, 64, 39, 49, 35, 50, 2, 45, 34, 61, 53, 37, 52, 8, 59, 27, 29, 46, 28, 67, 5, 55, 21, 66, 22, 42, 30, 16, 17, 63, 47, 3, 65, 38, 15]	ranksum
158	0.878201124297	0.923784494087	0.836904761905	0.882600842866	763	58	137	703	66	[60, 40, 24, 56, 7, 51, 44, 45, 62, 61, 64, 23, 35, 16, 47, 1, 9, 38, 32, 3, 5, 4, 8, 49, 67, 37, 20, 26, 36, 10, 54, 39, 2, 19, 28, 29, 17, 12, 53, 33, 43, 52, 59, 55, 41, 50, 48, 18, 42, 58, 0, 30, 15, 27, 65, 66, 11, 21, 31, 22, 14, 63, 6, 13, 57, 46]	RFE
159	0.878201124297	0.923784494087	0.836904761905	0.882600842866	763	58	137	703	67	[60, 40, 56, 1, 62, 24, 4, 7, 61, 51, 10, 0, 18, 43, 33, 6, 12, 41, 19, 36, 32, 20, 44, 23, 53, 48, 54, 49, 13, 57, 64, 35, 26, 9, 37, 11, 31, 67, 45, 59, 29, 2, 66, 39, 14, 28, 47, 58, 5, 50, 27, 52, 65, 16, 21, 17, 3, 42, 30, 22, 46, 34, 38, 63, 55, 15, 8]	f-test
160	0.878201124297	0.923784494087	0.836904761905	0.882600842866	763	58	137	703	68	[0, 1, 2, 3, 4, 5, 6, 7, 8, 9, 10, 11, 12, 13, 14, 15, 16, 17, 18, 19, 20, 21, 22, 23, 24, 25, 26, 27, 28, 29, 30, 31, 32, 33, 34, 35, 36, 37, 38, 39, 40, 41, 42, 43, 44, 45, 46, 47, 48, 49, 50, 51, 52, 53, 54, 55, 56, 57, 58, 59, 60, 61, 62, 63, 64, 65, 66, 67]	no selection
161	0.878079595704	0.935397039031	0.827380952381	0.883804936785	773	48	145	695	20	[60, 40, 24, 56, 7, 51, 44, 45, 62, 61, 64, 23, 35, 16, 47, 1, 9, 38, 32, 3]	RFE
162	0.878079595704	0.935397039031	0.827380952381	0.883804936785	773	48	145	695	24	[60, 56, 40, 1, 62, 51, 24, 7, 12, 18, 19, 4, 13, 43, 10, 32, 33, 6, 20, 61, 36, 0, 23, 41]	combined
163	0.878079595704	0.935397039031	0.827380952381	0.883804936785	773	48	145	695	25	[56, 60, 40, 62, 24, 51, 61, 1, 13, 7, 19, 36, 12, 18, 32, 20, 4, 43, 6, 59, 58, 0, 23, 35, 33]	mi
164	0.878079595704	0.935397039031	0.827380952381	0.883804936785	773	48	145	695	30	[56, 60, 40, 62, 24, 51, 61, 1, 13, 7, 19, 36, 12, 18, 32, 20, 4, 43, 6, 59, 58, 0, 23, 35, 33, 44, 10, 14, 26, 37]	mi
165	0.878048780488	0.924901185771	0.835714285714	0.882600842866	764	57	138	702	32	[60, 40, 24, 56, 7, 51, 44, 45, 62, 61, 64, 23, 35, 16, 47, 1, 9, 38, 32, 3, 5, 4, 8, 49, 67, 37, 20, 26, 36, 10, 54, 39]	RFE
166	0.878048780488	0.924901185771	0.835714285714	0.882600842866	764	57	138	702	36	[60, 40, 24, 56, 7, 51, 44, 45, 62, 61, 64, 23, 35, 16, 47, 1, 9, 38, 32, 3, 5, 4, 8, 49, 67, 37, 20, 26, 36, 10, 54, 39, 2, 19, 28, 29]	RFE
167	0.878048780488	0.924901185771	0.835714285714	0.882600842866	764	57	138	702	39	[60, 40, 24, 56, 7, 51, 44, 45, 62, 61, 64, 23, 35, 16, 47, 1, 9, 38, 32, 3, 5, 4, 8, 49, 67, 37, 20, 26, 36, 10, 54, 39, 2, 19, 28, 29, 17, 12, 53]	RFE
168	0.878048780488	0.924901185771	0.835714285714	0.882600842866	764	57	138	702	38	[60, 40, 24, 56, 7, 51, 44, 45, 62, 61, 64, 23, 35, 16, 47, 1, 9, 38, 32, 3, 5, 4, 8, 49, 67, 37, 20, 26, 36, 10, 54, 39, 2, 19, 28, 29, 17, 12]	RFE
169	0.878048780488	0.924901185771	0.835714285714	0.882600842866	764	57	138	702	37	[60, 40, 24, 56, 7, 51, 44, 45, 62, 61, 64, 23, 35, 16, 47, 1, 9, 38, 32, 3, 5, 4, 8, 49, 67, 37, 20, 26, 36, 10, 54, 39, 2, 19, 28, 29, 17]	RFE
170	0.878048780488	0.924901185771	0.835714285714	0.882600842866	764	57	138	702	35	[60, 40, 24, 56, 7, 51, 44, 45, 62, 61, 64, 23, 35, 16, 47, 1, 9, 38, 32, 3, 5, 4, 8, 49, 67, 37, 20, 26, 36, 10, 54, 39, 2, 19, 28]	RFE
171	0.878017789072	0.941416893733	0.822619047619	0.884406983745	778	43	149	691	16	[60, 40, 24, 56, 7, 51, 44, 45, 62, 61, 64, 23, 35, 16, 47, 1]	RFE
172	0.877987421384	0.930666666667	0.830952380952	0.883202889825	769	52	142	698	48	[56, 60, 40, 62, 24, 51, 61, 1, 13, 7, 19, 36, 12, 18, 32, 20, 4, 43, 6, 59, 58, 0, 23, 35, 33, 44, 10, 14, 26, 37, 54, 46, 55, 31, 57, 41, 11, 22, 48, 45, 64, 53, 52, 67, 50, 29, 39, 9]	mi
173	0.87795765878	0.920365535248	0.839285714286	0.881998795906	760	61	135	705	35	"[ 1  2  4  5  7  8  9 11 12 16 20 22 23 24 26 28 29 32 33 35 36 37 38 40 43
 44 47 49 51 56 60 61 62 64 67]"	Lasso
174	0.87786259542	0.94262295082	0.821428571429	0.884406983745	779	42	150	690	18	[60, 40, 56, 1, 62, 24, 4, 7, 61, 51, 10, 0, 18, 43, 33, 6, 12, 41]	f-test
175	0.87786259542	0.94262295082	0.821428571429	0.884406983745	779	42	150	690	20	[60, 40, 56, 1, 62, 24, 4, 7, 61, 51, 10, 0, 18, 43, 33, 6, 12, 41, 19, 36]	f-test
176	0.87786259542	0.94262295082	0.821428571429	0.884406983745	779	42	150	690	19	[60, 40, 56, 1, 62, 24, 4, 7, 61, 51, 10, 0, 18, 43, 33, 6, 12, 41, 19]	f-test
177	0.877833753149	0.931818181818	0.829761904762	0.883202889825	770	51	143	697	21	[60, 40, 24, 56, 7, 51, 44, 45, 62, 61, 64, 23, 35, 16, 47, 1, 9, 38, 32, 3, 5]	RFE
178	0.877770740975	0.937753721245	0.825	0.883804936785	775	46	147	693	26	[60, 40, 56, 1, 62, 24, 4, 7, 61, 51, 10, 0, 18, 43, 33, 6, 12, 41, 19, 36, 32, 20, 44, 23, 53, 48]	f-test
179	0.877679697352	0.932975871314	0.828571428571	0.883202889825	771	50	144	696	31	[60, 40, 56, 1, 62, 24, 4, 7, 61, 51, 10, 0, 18, 43, 33, 6, 12, 41, 19, 36, 32, 20, 44, 23, 53, 48, 54, 49, 13, 57, 64]	f-test
180	0.877652933833	0.922572178478	0.836904761905	0.881998795906	762	59	137	703	66	[60, 40, 56, 1, 62, 24, 4, 7, 61, 51, 10, 0, 18, 43, 33, 6, 12, 41, 19, 36, 32, 20, 44, 23, 53, 48, 54, 49, 13, 57, 64, 35, 26, 9, 37, 11, 31, 67, 45, 59, 29, 2, 66, 39, 14, 28, 47, 58, 5, 50, 27, 52, 65, 16, 21, 17, 3, 42, 30, 22, 46, 34, 38, 63, 55, 15]	f-test
181	0.877652933833	0.922572178478	0.836904761905	0.881998795906	762	59	137	703	64	[60, 40, 56, 1, 62, 24, 4, 7, 61, 51, 10, 0, 18, 43, 33, 6, 12, 41, 19, 36, 32, 20, 44, 23, 53, 48, 54, 49, 13, 57, 64, 35, 26, 9, 37, 11, 31, 67, 45, 59, 29, 2, 66, 39, 14, 28, 47, 58, 5, 50, 27, 52, 65, 16, 21, 17, 3, 42, 30, 22, 46, 34, 38, 63]	f-test
182	0.877652933833	0.922572178478	0.836904761905	0.881998795906	762	59	137	703	62	[60, 40, 24, 56, 7, 51, 44, 45, 62, 61, 64, 23, 35, 16, 47, 1, 9, 38, 32, 3, 5, 4, 8, 49, 67, 37, 20, 26, 36, 10, 54, 39, 2, 19, 28, 29, 17, 12, 53, 33, 43, 52, 59, 55, 41, 50, 48, 18, 42, 58, 0, 30, 15, 27, 65, 66, 11, 21, 31, 22, 14, 63]	RFE
183	0.877652933833	0.922572178478	0.836904761905	0.881998795906	762	59	137	703	65	[60, 40, 56, 1, 62, 24, 4, 7, 61, 51, 10, 0, 18, 43, 33, 6, 12, 41, 19, 36, 32, 20, 44, 23, 53, 48, 54, 49, 13, 57, 64, 35, 26, 9, 37, 11, 31, 67, 45, 59, 29, 2, 66, 39, 14, 28, 47, 58, 5, 50, 27, 52, 65, 16, 21, 17, 3, 42, 30, 22, 46, 34, 38, 63, 55]	f-test
184	0.877652933833	0.922572178478	0.836904761905	0.881998795906	762	59	137	703	64	[60, 40, 24, 56, 7, 51, 44, 45, 62, 61, 64, 23, 35, 16, 47, 1, 9, 38, 32, 3, 5, 4, 8, 49, 67, 37, 20, 26, 36, 10, 54, 39, 2, 19, 28, 29, 17, 12, 53, 33, 43, 52, 59, 55, 41, 50, 48, 18, 42, 58, 0, 30, 15, 27, 65, 66, 11, 21, 31, 22, 14, 63, 6, 13]	RFE
185	0.877652933833	0.922572178478	0.836904761905	0.881998795906	762	59	137	703	63	[60, 40, 56, 1, 62, 24, 4, 7, 61, 51, 10, 0, 18, 43, 33, 6, 12, 41, 19, 36, 32, 20, 44, 23, 53, 48, 54, 49, 13, 57, 64, 35, 26, 9, 37, 11, 31, 67, 45, 59, 29, 2, 66, 39, 14, 28, 47, 58, 5, 50, 27, 52, 65, 16, 21, 17, 3, 42, 30, 22, 46, 34, 38]	f-test
186	0.877615726062	0.93894165536	0.82380952381	0.883804936785	776	45	148	692	24	[60, 40, 56, 1, 62, 24, 4, 7, 61, 51, 10, 0, 18, 43, 33, 6, 12, 41, 19, 36, 32, 20, 44, 23]	f-test
187	0.877615726062	0.93894165536	0.82380952381	0.883804936785	776	45	148	692	25	[60, 40, 56, 1, 62, 24, 4, 7, 61, 51, 10, 0, 18, 43, 33, 6, 12, 41, 19, 36, 32, 20, 44, 23, 53]	f-test
188	0.877615726062	0.93894165536	0.82380952381	0.883804936785	776	45	148	692	25	[60, 56, 40, 1, 62, 51, 24, 7, 12, 18, 19, 4, 13, 43, 10, 32, 33, 6, 20, 61, 36, 0, 23, 41, 44]	combined
189	0.8775	0.923684210526	0.835714285714	0.881998795906	763	58	138	702	30	[60, 40, 24, 56, 7, 51, 44, 45, 62, 61, 64, 23, 35, 16, 47, 1, 9, 38, 32, 3, 5, 4, 8, 49, 67, 37, 20, 26, 36, 10]	RFE
190	0.8775	0.923684210526	0.835714285714	0.881998795906	763	58	138	702	31	[60, 40, 24, 56, 7, 51, 44, 45, 62, 61, 64, 23, 35, 16, 47, 1, 9, 38, 32, 3, 5, 4, 8, 49, 67, 37, 20, 26, 36, 10, 54]	RFE
191	0.87746031746	0.940136054422	0.822619047619	0.883804936785	777	44	149	691	21	[56, 60, 40, 62, 24, 51, 61, 1, 13, 7, 19, 36, 12, 18, 32, 20, 4, 43, 6, 59, 58]	mi
192	0.877370417193	0.935309973046	0.82619047619	0.883202889825	773	48	146	694	23	[60, 56, 40, 1, 62, 51, 24, 7, 12, 18, 19, 4, 13, 43, 10, 32, 33, 6, 20, 61, 36, 0, 23]	combined
193	0.877346683354	0.924802110818	0.834523809524	0.881998795906	764	57	139	701	33	[60, 40, 24, 56, 7, 51, 44, 45, 62, 61, 64, 23, 35, 16, 47, 1, 9, 38, 32, 3, 5, 4, 8, 49, 67, 37, 20, 26, 36, 10, 54, 39, 2]	RFE
194	0.877346683354	0.924802110818	0.834523809524	0.881998795906	764	57	139	701	34	[60, 40, 24, 56, 7, 51, 44, 45, 62, 61, 64, 23, 35, 16, 47, 1, 9, 38, 32, 3, 5, 4, 8, 49, 67, 37, 20, 26, 36, 10, 54, 39, 2, 19]	RFE
195	0.877258566978	0.920261437908	0.838095238095	0.881396748946	760	61	136	704	37	"[ 1  2  4  5  7  8  9 11 12 16 17 20 22 23 24 26 28 29 32 33 35 36 37 38 40
 43 44 47 49 51 56 59 60 61 62 64 67]"	Lasso
196	0.877258566978	0.920261437908	0.838095238095	0.881396748946	760	61	136	704	39	"[ 1  2  4  5  7  8  9 11 12 16 17 20 22 23 24 26 28 29 32 33 35 36 37 38 40
 43 44 47 48 49 51 52 56 59 60 61 62 64 67]"	Lasso
197	0.877258566978	0.920261437908	0.838095238095	0.881396748946	760	61	136	704	38	"[ 1  2  4  5  7  8  9 11 12 16 17 20 22 23 24 26 28 29 32 33 35 36 37 38 40
 43 44 47 48 49 51 56 59 60 61 62 64 67]"	Lasso
198	0.877258566978	0.920261437908	0.838095238095	0.881396748946	760	61	136	704	36	"[ 1  2  4  5  7  8  9 11 12 16 20 22 23 24 26 28 29 32 33 35 36 37 38 40 43
 44 47 49 51 56 59 60 61 62 64 67]"	Lasso
199	0.877105427324	0.921363040629	0.836904761905	0.881396748946	761	60	137	703	64	[60, 56, 40, 1, 62, 51, 24, 7, 12, 18, 19, 4, 13, 43, 10, 32, 33, 6, 20, 61, 36, 0, 23, 41, 44, 54, 57, 48, 26, 35, 31, 14, 58, 11, 64, 59, 37, 53, 9, 45, 49, 39, 50, 67, 29, 52, 46, 28, 2, 66, 55, 22, 8, 34, 27, 21, 65, 16, 5, 17, 42, 30, 47, 3]	combined
200	0.877105427324	0.921363040629	0.836904761905	0.881396748946	761	60	137	703	62	[60, 40, 56, 1, 62, 24, 4, 7, 61, 51, 10, 0, 18, 43, 33, 6, 12, 41, 19, 36, 32, 20, 44, 23, 53, 48, 54, 49, 13, 57, 64, 35, 26, 9, 37, 11, 31, 67, 45, 59, 29, 2, 66, 39, 14, 28, 47, 58, 5, 50, 27, 52, 65, 16, 21, 17, 3, 42, 30, 22, 46, 34]	f-test
201	0.877105427324	0.921363040629	0.836904761905	0.881396748946	761	60	137	703	64	[60, 56, 40, 1, 12, 51, 62, 13, 18, 19, 7, 33, 10, 20, 32, 43, 6, 24, 41, 4, 23, 57, 54, 48, 14, 31, 26, 0, 58, 36, 44, 9, 11, 64, 39, 49, 35, 50, 2, 45, 34, 61, 53, 37, 52, 8, 59, 27, 29, 46, 28, 67, 5, 55, 21, 66, 22, 42, 30, 16, 17, 63, 47, 3]	ranksum
202	0.877105427324	0.921363040629	0.836904761905	0.881396748946	761	60	137	703	67	[56, 60, 40, 62, 24, 51, 61, 1, 13, 7, 19, 36, 12, 18, 32, 20, 4, 43, 6, 59, 58, 0, 23, 35, 33, 44, 10, 14, 26, 37, 54, 46, 55, 31, 57, 41, 11, 22, 48, 45, 64, 53, 52, 67, 50, 29, 39, 9, 8, 65, 28, 66, 17, 16, 21, 38, 42, 30, 3, 34, 63, 49, 15, 25, 27, 47, 5]	mi
203	0.877105427324	0.921363040629	0.836904761905	0.881396748946	761	60	137	703	61	[60, 40, 56, 1, 62, 24, 4, 7, 61, 51, 10, 0, 18, 43, 33, 6, 12, 41, 19, 36, 32, 20, 44, 23, 53, 48, 54, 49, 13, 57, 64, 35, 26, 9, 37, 11, 31, 67, 45, 59, 29, 2, 66, 39, 14, 28, 47, 58, 5, 50, 27, 52, 65, 16, 21, 17, 3, 42, 30, 22, 46]	f-test
204	0.877105427324	0.921363040629	0.836904761905	0.881396748946	761	60	137	703	60	[60, 40, 56, 1, 62, 24, 4, 7, 61, 51, 10, 0, 18, 43, 33, 6, 12, 41, 19, 36, 32, 20, 44, 23, 53, 48, 54, 49, 13, 57, 64, 35, 26, 9, 37, 11, 31, 67, 45, 59, 29, 2, 66, 39, 14, 28, 47, 58, 5, 50, 27, 52, 65, 16, 21, 17, 3, 42, 30, 22]	f-test
205	0.877105427324	0.921363040629	0.836904761905	0.881396748946	761	60	137	703	65	[60, 56, 40, 1, 12, 51, 62, 13, 18, 19, 7, 33, 10, 20, 32, 43, 6, 24, 41, 4, 23, 57, 54, 48, 14, 31, 26, 0, 58, 36, 44, 9, 11, 64, 39, 49, 35, 50, 2, 45, 34, 61, 53, 37, 52, 8, 59, 27, 29, 46, 28, 67, 5, 55, 21, 66, 22, 42, 30, 16, 17, 63, 47, 3, 65]	ranksum
206	0.876991714468	0.943758573388	0.819047619048	0.883804936785	780	41	152	688	15	[60, 40, 24, 56, 7, 51, 44, 45, 62, 61, 64, 23, 35, 16, 47]	RFE
207	0.876951905059	0.92247043364	0.835714285714	0.881396748946	762	59	138	702	63	[60, 56, 40, 1, 62, 51, 24, 7, 12, 18, 19, 4, 13, 43, 10, 32, 33, 6, 20, 61, 36, 0, 23, 41, 44, 54, 57, 48, 26, 35, 31, 14, 58, 11, 64, 59, 37, 53, 9, 45, 49, 39, 50, 67, 29, 52, 46, 28, 2, 66, 55, 22, 8, 34, 27, 21, 65, 16, 5, 17, 42, 30, 47]	combined
208	0.876951905059	0.92247043364	0.835714285714	0.881396748946	762	59	138	702	63	[60, 56, 40, 1, 12, 51, 62, 13, 18, 19, 7, 33, 10, 20, 32, 43, 6, 24, 41, 4, 23, 57, 54, 48, 14, 31, 26, 0, 58, 36, 44, 9, 11, 64, 39, 49, 35, 50, 2, 45, 34, 61, 53, 37, 52, 8, 59, 27, 29, 46, 28, 67, 5, 55, 21, 66, 22, 42, 30, 16, 17, 63, 47]	ranksum
209	0.876903553299	0.938858695652	0.822619047619	0.883202889825	776	45	149	691	27	[56, 60, 40, 62, 24, 51, 61, 1, 13, 7, 19, 36, 12, 18, 32, 20, 4, 43, 6, 59, 58, 0, 23, 35, 33, 44, 10]	mi
210	0.876903553299	0.938858695652	0.822619047619	0.883202889825	776	45	149	691	28	[56, 60, 40, 62, 24, 51, 61, 1, 13, 7, 19, 36, 12, 18, 32, 20, 4, 43, 6, 59, 58, 0, 23, 35, 33, 44, 10, 14]	mi
211	0.876903553299	0.938858695652	0.822619047619	0.883202889825	776	45	149	691	26	[56, 60, 40, 62, 24, 51, 61, 1, 13, 7, 19, 36, 12, 18, 32, 20, 4, 43, 6, 59, 58, 0, 23, 35, 33, 44]	mi
212	0.876660341556	0.935222672065	0.825	0.882600842866	773	48	147	693	39	[56, 60, 40, 62, 24, 51, 61, 1, 13, 7, 19, 36, 12, 18, 32, 20, 4, 43, 6, 59, 58, 0, 23, 35, 33, 44, 10, 14, 26, 37, 54, 46, 55, 31, 57, 41, 11, 22, 48]	mi
213	0.876660341556	0.935222672065	0.825	0.882600842866	773	48	147	693	38	[56, 60, 40, 62, 24, 51, 61, 1, 13, 7, 19, 36, 12, 18, 32, 20, 4, 43, 6, 59, 58, 0, 23, 35, 33, 44, 10, 14, 26, 37, 54, 46, 55, 31, 57, 41, 11, 22]	mi
214	0.876404494382	0.92125984252	0.835714285714	0.880794701987	761	60	138	702	41	[60, 40, 24, 56, 7, 51, 44, 45, 62, 61, 64, 23, 35, 16, 47, 1, 9, 38, 32, 3, 5, 4, 8, 49, 67, 37, 20, 26, 36, 10, 54, 39, 2, 19, 28, 29, 17, 12, 53, 33, 43]	RFE
215	0.876404494382	0.92125984252	0.835714285714	0.880794701987	761	60	138	702	40	[60, 40, 24, 56, 7, 51, 44, 45, 62, 61, 64, 23, 35, 16, 47, 1, 9, 38, 32, 3, 5, 4, 8, 49, 67, 37, 20, 26, 36, 10, 54, 39, 2, 19, 28, 29, 17, 12, 53, 33]	RFE
216	0.876404494382	0.92125984252	0.835714285714	0.880794701987	761	60	138	702	42	[60, 40, 24, 56, 7, 51, 44, 45, 62, 61, 64, 23, 35, 16, 47, 1, 9, 38, 32, 3, 5, 4, 8, 49, 67, 37, 20, 26, 36, 10, 54, 39, 2, 19, 28, 29, 17, 12, 53, 33, 43, 52]	RFE
217	0.875866414619	0.930388219545	0.827380952381	0.881396748946	769	52	145	695	37	[60, 56, 40, 1, 12, 51, 62, 13, 18, 19, 7, 33, 10, 20, 32, 43, 6, 24, 41, 4, 23, 57, 54, 48, 14, 31, 26, 0, 58, 36, 44, 9, 11, 64, 39, 49, 35]	ranksum
218	0.875866414619	0.930388219545	0.827380952381	0.881396748946	769	52	145	695	36	[60, 56, 40, 1, 12, 51, 62, 13, 18, 19, 7, 33, 10, 20, 32, 43, 6, 24, 41, 4, 23, 57, 54, 48, 14, 31, 26, 0, 58, 36, 44, 9, 11, 64, 39, 49]	ranksum
219	0.875857766687	0.92005242464	0.835714285714	0.880192655027	760	61	138	702	50	[60, 40, 24, 56, 7, 51, 44, 45, 62, 61, 64, 23, 35, 16, 47, 1, 9, 38, 32, 3, 5, 4, 8, 49, 67, 37, 20, 26, 36, 10, 54, 39, 2, 19, 28, 29, 17, 12, 53, 33, 43, 52, 59, 55, 41, 50, 48, 18, 42, 58]	RFE
220	0.875857766687	0.92005242464	0.835714285714	0.880192655027	760	61	138	702	43	[60, 40, 24, 56, 7, 51, 44, 45, 62, 61, 64, 23, 35, 16, 47, 1, 9, 38, 32, 3, 5, 4, 8, 49, 67, 37, 20, 26, 36, 10, 54, 39, 2, 19, 28, 29, 17, 12, 53, 33, 43, 52, 59]	RFE
221	0.875857766687	0.92005242464	0.835714285714	0.880192655027	760	61	138	702	44	[60, 40, 24, 56, 7, 51, 44, 45, 62, 61, 64, 23, 35, 16, 47, 1, 9, 38, 32, 3, 5, 4, 8, 49, 67, 37, 20, 26, 36, 10, 54, 39, 2, 19, 28, 29, 17, 12, 53, 33, 43, 52, 59, 55]	RFE
222	0.875857766687	0.92005242464	0.835714285714	0.880192655027	760	61	138	702	49	[60, 40, 24, 56, 7, 51, 44, 45, 62, 61, 64, 23, 35, 16, 47, 1, 9, 38, 32, 3, 5, 4, 8, 49, 67, 37, 20, 26, 36, 10, 54, 39, 2, 19, 28, 29, 17, 12, 53, 33, 43, 52, 59, 55, 41, 50, 48, 18, 42]	RFE
223	0.875857766687	0.92005242464	0.835714285714	0.880192655027	760	61	138	702	48	[60, 40, 24, 56, 7, 51, 44, 45, 62, 61, 64, 23, 35, 16, 47, 1, 9, 38, 32, 3, 5, 4, 8, 49, 67, 37, 20, 26, 36, 10, 54, 39, 2, 19, 28, 29, 17, 12, 53, 33, 43, 52, 59, 55, 41, 50, 48, 18]	RFE
224	0.875857766687	0.92005242464	0.835714285714	0.880192655027	760	61	138	702	56	[60, 56, 40, 1, 12, 51, 62, 13, 18, 19, 7, 33, 10, 20, 32, 43, 6, 24, 41, 4, 23, 57, 54, 48, 14, 31, 26, 0, 58, 36, 44, 9, 11, 64, 39, 49, 35, 50, 2, 45, 34, 61, 53, 37, 52, 8, 59, 27, 29, 46, 28, 67, 5, 55, 21, 66]	ranksum
225	0.875857766687	0.92005242464	0.835714285714	0.880192655027	760	61	138	702	47	[60, 40, 24, 56, 7, 51, 44, 45, 62, 61, 64, 23, 35, 16, 47, 1, 9, 38, 32, 3, 5, 4, 8, 49, 67, 37, 20, 26, 36, 10, 54, 39, 2, 19, 28, 29, 17, 12, 53, 33, 43, 52, 59, 55, 41, 50, 48]	RFE
226	0.875857766687	0.92005242464	0.835714285714	0.880192655027	760	61	138	702	45	[60, 40, 24, 56, 7, 51, 44, 45, 62, 61, 64, 23, 35, 16, 47, 1, 9, 38, 32, 3, 5, 4, 8, 49, 67, 37, 20, 26, 36, 10, 54, 39, 2, 19, 28, 29, 17, 12, 53, 33, 43, 52, 59, 55, 41]	RFE
227	0.875857766687	0.92005242464	0.835714285714	0.880192655027	760	61	138	702	46	[60, 40, 24, 56, 7, 51, 44, 45, 62, 61, 64, 23, 35, 16, 47, 1, 9, 38, 32, 3, 5, 4, 8, 49, 67, 37, 20, 26, 36, 10, 54, 39, 2, 19, 28, 29, 17, 12, 53, 33, 43, 52, 59, 55, 41, 50]	RFE
228	0.87570977918	0.931543624161	0.82619047619	0.881396748946	770	51	146	694	19	[60, 40, 24, 56, 7, 51, 44, 45, 62, 61, 64, 23, 35, 16, 47, 1, 9, 38, 32]	RFE
229	0.875558391832	0.943603851444	0.816666666667	0.882600842866	780	41	154	686	14	[60, 40, 24, 56, 7, 51, 44, 45, 62, 61, 64, 23, 35, 16]	RFE
230	0.875318066158	0.939890710383	0.819047619048	0.881998795906	777	44	152	688	19	[56, 60, 40, 62, 24, 51, 61, 1, 13, 7, 19, 36, 12, 18, 32, 20, 4, 43, 6]	mi
231	0.875318066158	0.939890710383	0.819047619048	0.881998795906	777	44	152	688	17	[56, 60, 40, 62, 24, 51, 61, 1, 13, 7, 19, 36, 12, 18, 32, 20, 4]	mi
232	0.875318066158	0.939890710383	0.819047619048	0.881998795906	777	44	152	688	18	[56, 60, 40, 62, 24, 51, 61, 1, 13, 7, 19, 36, 12, 18, 32, 20, 4, 43]	mi
233	0.875314861461	0.929144385027	0.827380952381	0.880794701987	768	53	145	695	38	[60, 56, 40, 1, 12, 51, 62, 13, 18, 19, 7, 33, 10, 20, 32, 43, 6, 24, 41, 4, 23, 57, 54, 48, 14, 31, 26, 0, 58, 36, 44, 9, 11, 64, 39, 49, 35, 50]	ranksum
234	0.875314861461	0.929144385027	0.827380952381	0.880794701987	768	53	145	695	39	[60, 56, 40, 1, 12, 51, 62, 13, 18, 19, 7, 33, 10, 20, 32, 43, 6, 24, 41, 4, 23, 57, 54, 48, 14, 31, 26, 0, 58, 36, 44, 9, 11, 64, 39, 49, 35, 50, 2]	ranksum
235	0.875311720698	0.918848167539	0.835714285714	0.879590608067	759	62	138	702	51	[60, 40, 56, 1, 62, 24, 4, 7, 61, 51, 10, 0, 18, 43, 33, 6, 12, 41, 19, 36, 32, 20, 44, 23, 53, 48, 54, 49, 13, 57, 64, 35, 26, 9, 37, 11, 31, 67, 45, 59, 29, 2, 66, 39, 14, 28, 47, 58, 5, 50, 27]	f-test
236	0.875311720698	0.918848167539	0.835714285714	0.879590608067	759	62	138	702	52	[60, 40, 56, 1, 62, 24, 4, 7, 61, 51, 10, 0, 18, 43, 33, 6, 12, 41, 19, 36, 32, 20, 44, 23, 53, 48, 54, 49, 13, 57, 64, 35, 26, 9, 37, 11, 31, 67, 45, 59, 29, 2, 66, 39, 14, 28, 47, 58, 5, 50, 27, 52]	f-test
237	0.875311720698	0.918848167539	0.835714285714	0.879590608067	759	62	138	702	55	[60, 40, 24, 56, 7, 51, 44, 45, 62, 61, 64, 23, 35, 16, 47, 1, 9, 38, 32, 3, 5, 4, 8, 49, 67, 37, 20, 26, 36, 10, 54, 39, 2, 19, 28, 29, 17, 12, 53, 33, 43, 52, 59, 55, 41, 50, 48, 18, 42, 58, 0, 30, 15, 27, 65]	RFE
238	0.875311720698	0.918848167539	0.835714285714	0.879590608067	759	62	138	702	53	[60, 40, 56, 1, 62, 24, 4, 7, 61, 51, 10, 0, 18, 43, 33, 6, 12, 41, 19, 36, 32, 20, 44, 23, 53, 48, 54, 49, 13, 57, 64, 35, 26, 9, 37, 11, 31, 67, 45, 59, 29, 2, 66, 39, 14, 28, 47, 58, 5, 50, 27, 52, 65]	f-test
239	0.875311720698	0.918848167539	0.835714285714	0.879590608067	759	62	138	702	54	[60, 40, 24, 56, 7, 51, 44, 45, 62, 61, 64, 23, 35, 16, 47, 1, 9, 38, 32, 3, 5, 4, 8, 49, 67, 37, 20, 26, 36, 10, 54, 39, 2, 19, 28, 29, 17, 12, 53, 33, 43, 52, 59, 55, 41, 50, 48, 18, 42, 58, 0, 30, 15, 27]	RFE
240	0.875311720698	0.918848167539	0.835714285714	0.879590608067	759	62	138	702	50	[60, 40, 56, 1, 62, 24, 4, 7, 61, 51, 10, 0, 18, 43, 33, 6, 12, 41, 19, 36, 32, 20, 44, 23, 53, 48, 54, 49, 13, 57, 64, 35, 26, 9, 37, 11, 31, 67, 45, 59, 29, 2, 66, 39, 14, 28, 47, 58, 5, 50]	f-test
241	0.875311720698	0.918848167539	0.835714285714	0.879590608067	759	62	138	702	53	[60, 40, 24, 56, 7, 51, 44, 45, 62, 61, 64, 23, 35, 16, 47, 1, 9, 38, 32, 3, 5, 4, 8, 49, 67, 37, 20, 26, 36, 10, 54, 39, 2, 19, 28, 29, 17, 12, 53, 33, 43, 52, 59, 55, 41, 50, 48, 18, 42, 58, 0, 30, 15]	RFE
242	0.875080076874	0.947295423024	0.813095238095	0.882600842866	783	38	157	683	21	[ 1  2  7  8  9 16 20 22 24 35 36 38 40 44 47 51 56 60 61 62 64]	Lasso
243	0.875080076874	0.947295423024	0.813095238095	0.882600842866	783	38	157	683	22	[ 1  2  7  8  9 11 16 20 22 24 35 36 38 40 44 47 51 56 60 61 62 64]	Lasso
244	0.875	0.942307692308	0.816666666667	0.881998795906	779	42	154	686	13	[60, 40, 24, 56, 7, 51, 44, 45, 62, 61, 64, 23, 35]	RFE
245	0.875	0.931451612903	0.825	0.880794701987	770	51	147	693	35	[60, 56, 40, 1, 12, 51, 62, 13, 18, 19, 7, 33, 10, 20, 32, 43, 6, 24, 41, 4, 23, 57, 54, 48, 14, 31, 26, 0, 58, 36, 44, 9, 11, 64, 39]	ranksum
246	0.874922215308	0.916558018253	0.836904761905	0.878988561108	757	64	137	703	54	[60, 40, 56, 1, 62, 24, 4, 7, 61, 51, 10, 0, 18, 43, 33, 6, 12, 41, 19, 36, 32, 20, 44, 23, 53, 48, 54, 49, 13, 57, 64, 35, 26, 9, 37, 11, 31, 67, 45, 59, 29, 2, 66, 39, 14, 28, 47, 58, 5, 50, 27, 52, 65, 16]	f-test
247	0.874922215308	0.916558018253	0.836904761905	0.878988561108	757	64	137	703	55	[60, 40, 56, 1, 62, 24, 4, 7, 61, 51, 10, 0, 18, 43, 33, 6, 12, 41, 19, 36, 32, 20, 44, 23, 53, 48, 54, 49, 13, 57, 64, 35, 26, 9, 37, 11, 31, 67, 45, 59, 29, 2, 66, 39, 14, 28, 47, 58, 5, 50, 27, 52, 65, 16, 21]	f-test
248	0.874922215308	0.916558018253	0.836904761905	0.878988561108	757	64	137	703	56	[60, 40, 56, 1, 62, 24, 4, 7, 61, 51, 10, 0, 18, 43, 33, 6, 12, 41, 19, 36, 32, 20, 44, 23, 53, 48, 54, 49, 13, 57, 64, 35, 26, 9, 37, 11, 31, 67, 45, 59, 29, 2, 66, 39, 14, 28, 47, 58, 5, 50, 27, 52, 65, 16, 21, 17]	f-test
249	0.874922215308	0.916558018253	0.836904761905	0.878988561108	757	64	137	703	58	[60, 40, 56, 1, 62, 24, 4, 7, 61, 51, 10, 0, 18, 43, 33, 6, 12, 41, 19, 36, 32, 20, 44, 23, 53, 48, 54, 49, 13, 57, 64, 35, 26, 9, 37, 11, 31, 67, 45, 59, 29, 2, 66, 39, 14, 28, 47, 58, 5, 50, 27, 52, 65, 16, 21, 17, 3, 42]	f-test
250	0.874922215308	0.916558018253	0.836904761905	0.878988561108	757	64	137	703	57	[60, 40, 56, 1, 62, 24, 4, 7, 61, 51, 10, 0, 18, 43, 33, 6, 12, 41, 19, 36, 32, 20, 44, 23, 53, 48, 54, 49, 13, 57, 64, 35, 26, 9, 37, 11, 31, 67, 45, 59, 29, 2, 66, 39, 14, 28, 47, 58, 5, 50, 27, 52, 65, 16, 21, 17, 3]	f-test
251	0.874922215308	0.916558018253	0.836904761905	0.878988561108	757	64	137	703	59	[60, 40, 56, 1, 62, 24, 4, 7, 61, 51, 10, 0, 18, 43, 33, 6, 12, 41, 19, 36, 32, 20, 44, 23, 53, 48, 54, 49, 13, 57, 64, 35, 26, 9, 37, 11, 31, 67, 45, 59, 29, 2, 66, 39, 14, 28, 47, 58, 5, 50, 27, 52, 65, 16, 21, 17, 3, 42, 30]	f-test
252	0.874920634921	0.937414965986	0.820238095238	0.881396748946	775	46	151	689	21	[60, 56, 40, 1, 62, 51, 24, 7, 12, 18, 19, 4, 13, 43, 10, 32, 33, 6, 20, 61, 36]	combined
253	0.874920634921	0.937414965986	0.820238095238	0.881396748946	775	46	151	689	20	[60, 56, 40, 1, 62, 51, 24, 7, 12, 18, 19, 4, 13, 43, 10, 32, 33, 6, 20, 61]	combined
254	0.87476635514	0.917647058824	0.835714285714	0.878988561108	758	63	138	702	49	[60, 40, 56, 1, 62, 24, 4, 7, 61, 51, 10, 0, 18, 43, 33, 6, 12, 41, 19, 36, 32, 20, 44, 23, 53, 48, 54, 49, 13, 57, 64, 35, 26, 9, 37, 11, 31, 67, 45, 59, 29, 2, 66, 39, 14, 28, 47, 58, 5]	f-test
255	0.874680306905	0.944751381215	0.814285714286	0.881998795906	781	40	156	684	23	[ 1  2  7  8  9 11 16 20 22 23 24 35 36 38 40 44 47 51 56 60 61 62 64]	Lasso
256	0.874610106051	0.91874180865	0.834523809524	0.878988561108	759	62	139	701	51	[60, 40, 24, 56, 7, 51, 44, 45, 62, 61, 64, 23, 35, 16, 47, 1, 9, 38, 32, 3, 5, 4, 8, 49, 67, 37, 20, 26, 36, 10, 54, 39, 2, 19, 28, 29, 17, 12, 53, 33, 43, 52, 59, 55, 41, 50, 48, 18, 42, 58, 0]	RFE
257	0.874610106051	0.91874180865	0.834523809524	0.878988561108	759	62	139	701	52	[60, 40, 24, 56, 7, 51, 44, 45, 62, 61, 64, 23, 35, 16, 47, 1, 9, 38, 32, 3, 5, 4, 8, 49, 67, 37, 20, 26, 36, 10, 54, 39, 2, 19, 28, 29, 17, 12, 53, 33, 43, 52, 59, 55, 41, 50, 48, 18, 42, 58, 0, 30]	RFE
258	0.874447949527	0.930201342282	0.825	0.880192655027	769	52	147	693	40	[60, 56, 40, 1, 12, 51, 62, 13, 18, 19, 7, 33, 10, 20, 32, 43, 6, 24, 41, 4, 23, 57, 54, 48, 14, 31, 26, 0, 58, 36, 44, 9, 11, 64, 39, 49, 35, 50, 2, 45]	ranksum
259	0.874447949527	0.930201342282	0.825	0.880192655027	769	52	147	693	41	[60, 56, 40, 1, 12, 51, 62, 13, 18, 19, 7, 33, 10, 20, 32, 43, 6, 24, 41, 4, 23, 57, 54, 48, 14, 31, 26, 0, 58, 36, 44, 9, 11, 64, 39, 49, 35, 50, 2, 45, 34]	ranksum
260	0.874289324068	0.93135935397	0.82380952381	0.880192655027	770	51	148	692	34	[60, 56, 40, 1, 12, 51, 62, 13, 18, 19, 7, 33, 10, 20, 32, 43, 6, 24, 41, 4, 23, 57, 54, 48, 14, 31, 26, 0, 58, 36, 44, 9, 11, 64]	ranksum
261	0.874221668742	0.916449086162	0.835714285714	0.878386514148	757	64	138	702	59	[60, 40, 24, 56, 7, 51, 44, 45, 62, 61, 64, 23, 35, 16, 47, 1, 9, 38, 32, 3, 5, 4, 8, 49, 67, 37, 20, 26, 36, 10, 54, 39, 2, 19, 28, 29, 17, 12, 53, 33, 43, 52, 59, 55, 41, 50, 48, 18, 42, 58, 0, 30, 15, 27, 65, 66, 11, 21, 31]	RFE
262	0.874221668742	0.916449086162	0.835714285714	0.878386514148	757	64	138	702	58	[60, 40, 24, 56, 7, 51, 44, 45, 62, 61, 64, 23, 35, 16, 47, 1, 9, 38, 32, 3, 5, 4, 8, 49, 67, 37, 20, 26, 36, 10, 54, 39, 2, 19, 28, 29, 17, 12, 53, 33, 43, 52, 59, 55, 41, 50, 48, 18, 42, 58, 0, 30, 15, 27, 65, 66, 11, 21]	RFE
263	0.874221668742	0.916449086162	0.835714285714	0.878386514148	757	64	138	702	57	[60, 40, 24, 56, 7, 51, 44, 45, 62, 61, 64, 23, 35, 16, 47, 1, 9, 38, 32, 3, 5, 4, 8, 49, 67, 37, 20, 26, 36, 10, 54, 39, 2, 19, 28, 29, 17, 12, 53, 33, 43, 52, 59, 55, 41, 50, 48, 18, 42, 58, 0, 30, 15, 27, 65, 66, 11]	RFE
264	0.874221668742	0.916449086162	0.835714285714	0.878386514148	757	64	138	702	56	[60, 40, 24, 56, 7, 51, 44, 45, 62, 61, 64, 23, 35, 16, 47, 1, 9, 38, 32, 3, 5, 4, 8, 49, 67, 37, 20, 26, 36, 10, 54, 39, 2, 19, 28, 29, 17, 12, 53, 33, 43, 52, 59, 55, 41, 50, 48, 18, 42, 58, 0, 30, 15, 27, 65, 66]	RFE
265	0.874213836478	0.926666666667	0.827380952381	0.879590608067	766	55	145	695	30	"[ 1  2  5  7  8  9 11 16 20 22 23 24 26 28 29 32 35 36 38 40 44 47 49 51 56
 60 61 62 64 67]"	Lasso
266	0.874064837905	0.917539267016	0.834523809524	0.878386514148	758	63	139	701	54	[60, 56, 40, 1, 12, 51, 62, 13, 18, 19, 7, 33, 10, 20, 32, 43, 6, 24, 41, 4, 23, 57, 54, 48, 14, 31, 26, 0, 58, 36, 44, 9, 11, 64, 39, 49, 35, 50, 2, 45, 34, 61, 53, 37, 52, 8, 59, 27, 29, 46, 28, 67, 5, 55]	ranksum
267	0.874064837905	0.917539267016	0.834523809524	0.878386514148	758	63	139	701	53	[60, 56, 40, 1, 12, 51, 62, 13, 18, 19, 7, 33, 10, 20, 32, 43, 6, 24, 41, 4, 23, 57, 54, 48, 14, 31, 26, 0, 58, 36, 44, 9, 11, 64, 39, 49, 35, 50, 2, 45, 34, 61, 53, 37, 52, 8, 59, 27, 29, 46, 28, 67, 5]	ranksum
268	0.874064837905	0.917539267016	0.834523809524	0.878386514148	758	63	139	701	55	[60, 56, 40, 1, 12, 51, 62, 13, 18, 19, 7, 33, 10, 20, 32, 43, 6, 24, 41, 4, 23, 57, 54, 48, 14, 31, 26, 0, 58, 36, 44, 9, 11, 64, 39, 49, 35, 50, 2, 45, 34, 61, 53, 37, 52, 8, 59, 27, 29, 46, 28, 67, 5, 55, 21]	ranksum
269	0.874045801527	0.938524590164	0.817857142857	0.880794701987	776	45	153	687	20	[56, 60, 40, 62, 24, 51, 61, 1, 13, 7, 19, 36, 12, 18, 32, 20, 4, 43, 6, 59]	mi
270	0.873960332694	0.944674965422	0.813095238095	0.881396748946	781	40	157	683	14	[60, 40, 56, 1, 62, 24, 4, 7, 61, 51, 10, 0, 18, 43]	f-test
271	0.873960332694	0.944674965422	0.813095238095	0.881396748946	781	40	157	683	13	[60, 40, 56, 1, 62, 24, 4, 7, 61, 51, 10, 0, 18]	f-test
272	0.873960332694	0.944674965422	0.813095238095	0.881396748946	781	40	157	683	12	[60, 40, 56, 1, 62, 24, 4, 7, 61, 51, 10, 0]	f-test
273	0.873724489796	0.940934065934	0.815476190476	0.880794701987	778	43	155	685	24	[ 1  2  5  7  8  9 11 16 20 22 23 24 35 36 38 40 44 47 51 56 60 61 62 64]	Lasso
274	0.872843450479	0.942068965517	0.813095238095	0.880192655027	779	42	157	683	20	[ 1  2  7  8  9 16 20 22 24 36 38 40 44 47 51 56 60 61 62 64]	Lasso
275	0.87084398977	0.940607734807	0.810714285714	0.878386514148	778	43	159	681	11	[60, 40, 24, 56, 7, 51, 44, 45, 62, 61, 64]	RFE
276	0.869620253165	0.928378378378	0.817857142857	0.875978326309	768	53	153	687	29	[60, 56, 40, 1, 12, 51, 62, 13, 18, 19, 7, 33, 10, 20, 32, 43, 6, 24, 41, 4, 23, 57, 54, 48, 14, 31, 26, 0, 58]	ranksum
277	0.869620253165	0.928378378378	0.817857142857	0.875978326309	768	53	153	687	30	[60, 56, 40, 1, 12, 51, 62, 13, 18, 19, 7, 33, 10, 20, 32, 43, 6, 24, 41, 4, 23, 57, 54, 48, 14, 31, 26, 0, 58, 36]	ranksum
278	0.869455006337	0.929539295393	0.816666666667	0.875978326309	769	52	154	686	33	[60, 56, 40, 1, 12, 51, 62, 13, 18, 19, 7, 33, 10, 20, 32, 43, 6, 24, 41, 4, 23, 57, 54, 48, 14, 31, 26, 0, 58, 36, 44, 9, 11]	ranksum
279	0.869230769231	0.941666666667	0.807142857143	0.877182420229	779	42	162	678	9	[56, 60, 40, 62, 24, 51, 61, 1, 13]	mi
280	0.869230769231	0.941666666667	0.807142857143	0.877182420229	779	42	162	678	8	[56, 60, 40, 62, 24, 51, 61, 1]	mi
281	0.8691767709	0.936726272352	0.810714285714	0.876580373269	775	46	159	681	12	[60, 40, 24, 56, 7, 51, 44, 45, 62, 61, 64, 23]	RFE
282	0.869062901155	0.942896935933	0.805952380952	0.877182420229	780	41	163	677	12	[56, 60, 40, 62, 24, 51, 61, 1, 13, 7, 19, 36]	mi
283	0.869062901155	0.942896935933	0.805952380952	0.877182420229	780	41	163	677	10	[60, 40, 24, 56, 7, 51, 44, 45, 62, 61]	RFE
284	0.869062901155	0.942896935933	0.805952380952	0.877182420229	780	41	163	677	11	[56, 60, 40, 62, 24, 51, 61, 1, 13, 7, 19]	mi
285	0.868904369854	0.928281461434	0.816666666667	0.87537627935	768	53	154	686	28	[60, 56, 40, 1, 12, 51, 62, 13, 18, 19, 7, 33, 10, 20, 32, 43, 6, 24, 41, 4, 23, 57, 54, 48, 14, 31, 26, 0]	ranksum
286	0.868738110336	0.929443690638	0.815476190476	0.87537627935	769	52	155	685	32	[60, 56, 40, 1, 12, 51, 62, 13, 18, 19, 7, 33, 10, 20, 32, 43, 6, 24, 41, 4, 23, 57, 54, 48, 14, 31, 26, 0, 58, 36, 44, 9]	ranksum
287	0.868387096774	0.947887323944	0.80119047619	0.877182420229	784	37	167	673	7	[56, 60, 40, 62, 24, 51, 61]	mi
288	0.868336544637	0.942817294282	0.804761904762	0.876580373269	780	41	164	676	14	[56, 60, 40, 62, 24, 51, 61, 1, 13, 7, 19, 36, 12, 18]	mi
289	0.868336544637	0.942817294282	0.804761904762	0.876580373269	780	41	164	676	13	[56, 60, 40, 62, 24, 51, 61, 1, 13, 7, 19, 36, 12]	mi
290	0.868020304569	0.929347826087	0.814285714286	0.87477423239	769	52	156	684	31	[60, 56, 40, 1, 12, 51, 62, 13, 18, 19, 7, 33, 10, 20, 32, 43, 6, 24, 41, 4, 23, 57, 54, 48, 14, 31, 26, 0, 58, 36, 44]	ranksum
291	0.867779204108	0.941504178273	0.804761904762	0.875978326309	779	42	164	676	10	[56, 60, 40, 62, 24, 51, 61, 1, 13, 7]	mi
292	0.867268041237	0.945224719101	0.80119047619	0.875978326309	782	39	167	673	9	[60, 40, 56, 1, 62, 24, 4, 7, 61]	f-test
293	0.866323907455	0.941340782123	0.802380952381	0.87477423239	779	42	166	674	11	[60, 40, 56, 1, 62, 24, 4, 7, 61, 51, 10]	f-test
294	0.866323907455	0.941340782123	0.802380952381	0.87477423239	779	42	166	674	10	[60, 40, 56, 1, 62, 24, 4, 7, 61, 51]	f-test
295	0.862944162437	0.923913043478	0.809523809524	0.869957856713	765	56	160	680	27	[60, 56, 40, 1, 12, 51, 62, 13, 18, 19, 7, 33, 10, 20, 32, 43, 6, 24, 41, 4, 23, 57, 54, 48, 14, 31, 26]	ranksum
296	0.862444017914	0.932226832642	0.802380952381	0.870559903672	772	49	166	674	18	[60, 56, 40, 1, 12, 51, 62, 13, 18, 19, 7, 33, 10, 20, 32, 43, 6, 24]	ranksum
297	0.861935483871	0.940845070423	0.795238095238	0.871161950632	779	42	172	668	8	[60, 40, 24, 56, 7, 51, 44, 45]	RFE
298	0.861913937058	0.935843793584	0.79880952381	0.870559903672	775	46	169	671	9	[60, 40, 24, 56, 7, 51, 44, 45, 62]	RFE
299	0.861146496815	0.92602739726	0.804761904762	0.868753762793	767	54	164	676	18	[60, 56, 40, 1, 62, 51, 24, 7, 12, 18, 19, 4, 13, 43, 10, 32, 33, 6]	combined
300	0.861146496815	0.92602739726	0.804761904762	0.868753762793	767	54	164	676	17	[60, 56, 40, 1, 62, 51, 24, 7, 12, 18, 19, 4, 13, 43, 10, 32, 33]	combined
301	0.860986547085	0.932038834951	0.8	0.869355809753	772	49	168	672	19	[60, 56, 40, 1, 12, 51, 62, 13, 18, 19, 7, 33, 10, 20, 32, 43, 6, 24, 41]	ranksum
302	0.860824742268	0.938202247191	0.795238095238	0.869957856713	777	44	172	668	11	[60, 56, 40, 1, 62, 51, 24, 7, 12, 18, 19]	combined
303	0.860598345003	0.924760601915	0.804761904762	0.868151715834	766	55	164	676	19	[60, 56, 40, 1, 62, 51, 24, 7, 12, 18, 19, 4, 13, 43, 10, 32, 33, 6, 20]	combined
304	0.860598345003	0.924760601915	0.804761904762	0.868151715834	766	55	164	676	20	[60, 56, 40, 1, 12, 51, 62, 13, 18, 19, 7, 33, 10, 20, 32, 43, 6, 24, 41, 4]	ranksum
305	0.85955786736	0.946991404011	0.786904761905	0.869957856713	784	37	179	661	6	[60, 40, 56, 1, 62, 24]	f-test
306	0.859375	0.948275862069	0.785714285714	0.869957856713	785	36	180	660	5	[56, 60, 40, 62, 24]	mi
307	0.858982614295	0.935483870968	0.794047619048	0.868151715834	775	46	173	667	10	[60, 56, 40, 1, 62, 51, 24, 7, 12, 18]	combined
308	0.858958068615	0.920980926431	0.804761904762	0.866345574955	763	58	164	676	24	[60, 56, 40, 1, 12, 51, 62, 13, 18, 19, 7, 33, 10, 20, 32, 43, 6, 24, 41, 4, 23, 57, 54, 48]	ranksum
309	0.858958068615	0.920980926431	0.804761904762	0.866345574955	763	58	164	676	26	[60, 56, 40, 1, 12, 51, 62, 13, 18, 19, 7, 33, 10, 20, 32, 43, 6, 24, 41, 4, 23, 57, 54, 48, 14, 31]	ranksum
310	0.858958068615	0.920980926431	0.804761904762	0.866345574955	763	58	164	676	25	[60, 56, 40, 1, 12, 51, 62, 13, 18, 19, 7, 33, 10, 20, 32, 43, 6, 24, 41, 4, 23, 57, 54, 48, 14]	ranksum
311	0.858232676414	0.920873124147	0.803571428571	0.865743527995	763	58	165	675	16	[60, 56, 40, 1, 62, 51, 24, 7, 12, 18, 19, 4, 13, 43, 10, 32]	combined
312	0.857687420584	0.91961852861	0.803571428571	0.865141481036	762	59	165	675	21	[60, 56, 40, 1, 12, 51, 62, 13, 18, 19, 7, 33, 10, 20, 32, 43, 6, 24, 41, 4, 23]	ranksum
313	0.857142857143	0.918367346939	0.803571428571	0.864539434076	761	60	165	675	22	[60, 56, 40, 1, 12, 51, 62, 13, 18, 19, 7, 33, 10, 20, 32, 43, 6, 24, 41, 4, 23, 57]	ranksum
314	0.856961220598	0.919508867667	0.802380952381	0.864539434076	762	59	166	674	23	[60, 56, 40, 1, 12, 51, 62, 13, 18, 19, 7, 33, 10, 20, 32, 43, 6, 24, 41, 4, 23, 57, 54]	ranksum
315	0.856221792392	0.933895921238	0.790476190476	0.865743527995	774	47	176	664	8	[60, 56, 40, 1, 62, 51, 24, 7]	combined
316	0.855850032321	0.936350777935	0.788095238095	0.865743527995	776	45	178	662	7	[60, 56, 40, 1, 62, 51, 24]	combined
317	0.855483870968	0.933802816901	0.789285714286	0.865141481036	774	47	177	663	9	[60, 56, 40, 1, 62, 51, 24, 7, 12]	combined
318	0.855476344783	0.938833570413	0.785714285714	0.865743527995	778	43	180	660	7	[60, 40, 24, 56, 7, 51, 44]	RFE
319	0.854932301741	0.932489451477	0.789285714286	0.864539434076	773	48	177	663	8	[60, 40, 56, 1, 62, 24, 4, 7]	f-test
320	0.854356306892	0.941260744986	0.782142857143	0.865141481036	780	41	183	657	6	[60, 40, 24, 56, 7, 51]	RFE
321	0.852903225806	0.930985915493	0.786904761905	0.862733293197	772	49	179	661	14	[60, 56, 40, 1, 62, 51, 24, 7, 12, 18, 19, 4, 13, 43]	combined
322	0.852903225806	0.930985915493	0.786904761905	0.862733293197	772	49	179	661	15	[60, 56, 40, 1, 62, 51, 24, 7, 12, 18, 19, 4, 13, 43, 10]	combined
323	0.852903225806	0.930985915493	0.786904761905	0.862733293197	772	49	179	661	13	[60, 56, 40, 1, 62, 51, 24, 7, 12, 18, 19, 4, 13]	combined
324	0.852903225806	0.930985915493	0.786904761905	0.862733293197	772	49	179	661	12	[60, 56, 40, 1, 62, 51, 24, 7, 12, 18, 19, 4]	combined
325	0.851948051948	0.937142857143	0.780952380952	0.862733293197	777	44	184	656	6	[56, 60, 40, 62, 24, 51]	mi
326	0.851228978008	0.932011331445	0.783333333333	0.861529199278	773	48	182	658	7	[60, 40, 56, 1, 62, 24, 4]	f-test
327	0.849242922976	0.949926362297	0.767857142857	0.862131246237	787	34	195	645	5	[60, 40, 24, 56, 7]	RFE
328	0.848126232742	0.947136563877	0.767857142857	0.860927152318	785	36	195	645	3	[60, 40, 24]	RFE
329	0.848126232742	0.947136563877	0.767857142857	0.860927152318	785	36	195	645	4	[60, 40, 24, 56]	RFE
330	0.826057756884	0.947611710324	0.732142857143	0.844069837447	787	34	225	615	12	[60, 56, 40, 1, 12, 51, 62, 13, 18, 19, 7, 33]	ranksum
331	0.825503355705	0.946153846154	0.732142857143	0.843467790488	786	35	225	615	13	[60, 56, 40, 1, 12, 51, 62, 13, 18, 19, 7, 33, 10]	ranksum
332	0.8251841929	0.943338437979	0.733333333333	0.842865743528	784	37	224	616	14	[60, 56, 40, 1, 12, 51, 62, 13, 18, 19, 7, 33, 10, 20]	ranksum
333	0.823138297872	0.932228915663	0.736904761905	0.83985550873	776	45	221	619	16	[60, 56, 40, 1, 12, 51, 62, 13, 18, 19, 7, 33, 10, 20, 32, 43]	ranksum
334	0.822591362126	0.930827067669	0.736904761905	0.83925346177	775	46	221	619	17	[60, 56, 40, 1, 12, 51, 62, 13, 18, 19, 7, 33, 10, 20, 32, 43, 6]	ranksum
335	0.822591362126	0.930827067669	0.736904761905	0.83925346177	775	46	221	619	15	[60, 56, 40, 1, 12, 51, 62, 13, 18, 19, 7, 33, 10, 20, 32]	ranksum
336	0.815480304077	0.971993410214	0.702380952381	0.83925346177	804	17	250	590	4	[56, 60, 40, 62]	mi
337	0.81384083045	0.971900826446	0.7	0.838049367851	804	17	252	588	11	[60, 56, 40, 1, 12, 51, 62, 13, 18, 19, 7]	ranksum
338	0.8133240805	0.975041597338	0.697619047619	0.838049367851	806	15	254	586	5	[60, 56, 40, 1, 62]	combined
339	0.8133240805	0.975041597338	0.697619047619	0.838049367851	806	15	254	586	5	[60, 40, 56, 1, 62]	f-test
340	0.813232253618	0.965630114566	0.702380952381	0.836845273931	800	21	250	590	3	[60, 40, 56]	f-test
341	0.813232253618	0.965630114566	0.702380952381	0.836845273931	800	21	250	590	3	[60, 56, 40]	ranksum
342	0.813232253618	0.965630114566	0.702380952381	0.836845273931	800	21	250	590	2	[60, 40]	f-test
343	0.813232253618	0.965630114566	0.702380952381	0.836845273931	800	21	250	590	2	[60, 40]	RFE
344	0.813232253618	0.965630114566	0.702380952381	0.836845273931	800	21	250	590	3	[60, 56, 40]	combined
345	0.813232253618	0.965630114566	0.702380952381	0.836845273931	800	21	250	590	3	[56, 60, 40]	mi
346	0.8125	0.975	0.696428571429	0.837447320891	806	15	255	585	5	[60, 56, 40, 1, 12]	ranksum
347	0.8125	0.975	0.696428571429	0.837447320891	806	15	255	585	4	[60, 56, 40, 1]	combined
348	0.8125	0.975	0.696428571429	0.837447320891	806	15	255	585	4	[60, 40, 56, 1]	f-test
349	0.8125	0.975	0.696428571429	0.837447320891	806	15	255	585	4	[60, 56, 40, 1]	ranksum
350	0.810284920083	0.973288814691	0.694047619048	0.835641180012	805	16	257	583	9	[60, 56, 40, 1, 12, 51, 62, 13, 18]	ranksum
351	0.810284920083	0.973288814691	0.694047619048	0.835641180012	805	16	257	583	10	[60, 56, 40, 1, 12, 51, 62, 13, 18, 19]	ranksum
352	0.810020876827	0.974874371859	0.692857142857	0.835641180012	806	15	258	582	8	[60, 56, 40, 1, 12, 51, 62, 13]	ranksum
353	0.810020876827	0.974874371859	0.692857142857	0.835641180012	806	15	258	582	6	[60, 56, 40, 1, 62, 51]	combined
354	0.810020876827	0.974874371859	0.692857142857	0.835641180012	806	15	258	582	6	[60, 56, 40, 1, 12, 51]	ranksum
355	0.810020876827	0.974874371859	0.692857142857	0.835641180012	806	15	258	582	7	[60, 56, 40, 1, 12, 51, 62]	ranksum
356	0.80669923238	0.974704890388	0.688095238095	0.833232992173	806	15	262	578	1	[56]	mi
357	0.802521008403	0.974489795918	0.682142857143	0.830222757375	806	15	267	573	1	[60]	f-test
358	0.802521008403	0.974489795918	0.682142857143	0.830222757375	806	15	267	573	2	[60, 56]	ranksum
359	0.802521008403	0.974489795918	0.682142857143	0.830222757375	806	15	267	573	2	[56, 60]	mi
360	0.802521008403	0.974489795918	0.682142857143	0.830222757375	806	15	267	573	2	[60, 56]	combined
361	0.802521008403	0.974489795918	0.682142857143	0.830222757375	806	15	267	573	1	[60]	RFE
362	0.802521008403	0.974489795918	0.682142857143	0.830222757375	806	15	267	573	1	[60]	combined
363	0.802521008403	0.974489795918	0.682142857143	0.830222757375	806	15	267	573	1	[60]	ranksum
