	f1	precision	recall	accuracy	TN	FP	FN	TP	n	selection	source	gamma	C
0	0.850985221675	0.922563417891	0.789714285714	0.861397479954	813.0	58.0	184.0	691.0	6	[60, 4, 61, 24, 0, 62]	f-test	10.0	100.0
1	0.849600982198	0.917771883289	0.790857142857	0.859679266896	809.0	62.0	183.0	692.0	5	[60, 4, 61, 24, 0]	f-test	10.0	100.0
2	0.849230769231	0.92	0.788571428571	0.859679266896	811.0	60.0	185.0	690.0	7	[60, 4, 61, 24, 0, 62, 33]	f-test	1.0	100.0
3	0.846153846154	0.89226869455	0.804571428571	0.853379152348	786.0	85.0	171.0	704.0	4	[60, 4, 61, 24]	f-test	1000.0	1.0
4	0.837095790116	0.897905759162	0.784	0.847079037801	793.0	78.0	189.0	686.0	2	[60, 24]	RFE	1000.0	1000.0
5	0.837068443368	0.890463917526	0.789714285714	0.845933562428	786.0	85.0	184.0	691.0	4	[60, 56, 40, 24]	mi	1000.0	1000.0
6	0.829487179487	0.944525547445	0.739428571429	0.847651775487	833.0	38.0	228.0	647.0	3	[60, 4, 61]	f-test	100.0	100.0
7	0.806282722513	0.943338437979	0.704	0.830469644903	834.0	37.0	259.0	616.0	2	[60, 40]	combined	1000.0	10.0
8	0.806282722513	0.943338437979	0.704	0.830469644903	834.0	37.0	259.0	616.0	1	[40]	chi2	1000.0	10.0
9	0.806282722513	0.943338437979	0.704	0.830469644903	834.0	37.0	259.0	616.0	3	[60, 56, 40]	ranksum	1000.0	1000.0
10	0.806282722513	0.943338437979	0.704	0.830469644903	834.0	37.0	259.0	616.0	2	[60, 56]	ranksum	1000.0	1000.0
11	0.806282722513	0.943338437979	0.704	0.830469644903	834.0	37.0	259.0	616.0	3	[60, 56, 40]	mi	1000.0	1000.0
12	0.806282722513	0.943338437979	0.704	0.830469644903	834.0	37.0	259.0	616.0	2	[60, 56]	mi	1000.0	1000.0
13	0.802900461437	0.948598130841	0.696	0.828751431844	838.0	33.0	266.0	609.0	1	[60]	RFE	1000.0	10.0
14	0.802900461437	0.948598130841	0.696	0.828751431844	838.0	33.0	266.0	609.0	1	[60]	ranksum	1000.0	10.0
15	0.802900461437	0.948598130841	0.696	0.828751431844	838.0	33.0	266.0	609.0	1	[60]	mi	1000.0	10.0
16	0.802900461437	0.948598130841	0.696	0.828751431844	838.0	33.0	266.0	609.0	1	[60]	combined	1000.0	10.0
17	0.802900461437	0.948598130841	0.696	0.828751431844	838.0	33.0	266.0	609.0	1	[60]	f-test	1000.0	10.0
18	0.798424162837	0.938271604938	0.694857142857	0.824169530355	831.0	40.0	267.0	608.0	2	[60, 4]	f-test	1000.0	100.0
19	0.794484569928	0.933641975309	0.691428571429	0.820733104238	828.0	43.0	270.0	605.0	8	[60, 4, 61, 24, 0, 62, 33, 7]	f-test	1.0	1000.0
20	0.79348534202	0.922727272727	0.696	0.818442153494	820.0	51.0	266.0	609.0	9	[60, 4, 61, 24, 0, 62, 33, 7, 6]	f-test	1.0	100.0
21	0.785522788204	0.949756888169	0.669714285714	0.816723940435	840.0	31.0	289.0	586.0	7	[60, 24, 7, 62, 64, 61, 23]	RFE	10.0	10.0
22	0.784860557769	0.936608557845	0.675428571429	0.814432989691	831.0	40.0	284.0	591.0	12	[60, 4, 61, 24, 0, 62, 33, 7, 6, 32, 53, 23]	f-test	1.0	100.0
23	0.772665764547	0.946932006633	0.652571428571	0.807560137457	839.0	32.0	304.0	571.0	5	[60, 24, 7, 62, 64]	RFE	10.0	100.0
24	0.761107533806	0.871681415929	0.675428571429	0.787514318442	784.0	87.0	284.0	591.0	13	[60, 4, 61, 24, 0, 62, 33, 7, 6, 32, 53, 23, 44]	f-test	1.0	100.0
25	0.758354755784	0.86637298091	0.674285714286	0.784650630011	780.0	91.0	285.0	590.0	15	[60, 4, 61, 24, 0, 62, 33, 7, 6, 32, 53, 23, 44, 49, 64]	f-test	1.0	100.0
26	0.757457846952	0.875562218891	0.667428571429	0.785796105384	788.0	83.0	291.0	584.0	14	[60, 4, 61, 24, 0, 62, 33, 7, 6, 32, 53, 23, 44, 49]	f-test	1.0	100.0
27	0.731310942579	0.695159629248	0.771428571429	0.715922107675	575.0	296.0	200.0	675.0	10	[60, 4, 61, 24, 0, 62, 33, 7, 6, 32]	f-test	1.0	100.0
28	0.722958057395	0.699039487727	0.748571428571	0.712485681558	589.0	282.0	220.0	655.0	11	[60, 4, 61, 24, 0, 62, 33, 7, 6, 32, 53]	f-test	1.0	100.0
29	0.710513203787	0.629858657244	0.814857142857	0.667239404353	452.0	419.0	162.0	713.0	8	[60, 24, 7, 62, 64, 61, 23, 35]	RFE	10.0	10.0
30	0.709163346614	0.628420123566	0.813714285714	0.665521191294	450.0	421.0	163.0	712.0	6	[60, 24, 7, 62, 64, 61]	RFE	10.0	100.0
31	0.708333333333	0.61480235492	0.835428571429	0.655211912944	413.0	458.0	144.0	731.0	4	[60, 24, 7, 62]	RFE	100.0	100.0
32	0.70570719603	0.623684210526	0.812571428571	0.660366552119	442.0	429.0	164.0	711.0	3	[60, 24, 7]	RFE	100.0	1000.0
33	0.688346883469	0.569081404033	0.870857142857	0.604810996564	294.0	577.0	113.0	762.0	11	[60, 24, 7, 62, 64, 61, 23, 35, 44, 47, 63]	RFE	10.0	1000.0
34	0.685981308411	0.58023715415	0.838857142857	0.615120274914	340.0	531.0	141.0	734.0	9	[60, 24, 7, 62, 64, 61, 23, 35, 44]	RFE	10.0	10.0
35	0.684792626728	0.573745173745	0.849142857143	0.60824742268	319.0	552.0	132.0	743.0	10	[60, 24, 7, 62, 64, 61, 23, 35, 44, 47]	RFE	10.0	100.0
36	0.684161199625	0.579825258141	0.834285714286	0.613974799542	342.0	529.0	145.0	730.0	20	[60, 4, 61, 24, 0, 62, 33, 7, 6, 32, 53, 23, 44, 49, 64, 54, 31, 35, 67, 59]	f-test	0.1	1000.0
37	0.681434599156	0.632713026445	0.738285714286	0.654066437572	496.0	375.0	229.0	646.0	21	[60, 4, 61, 24, 0, 62, 33, 7, 6, 32, 53, 23, 44, 49, 64, 54, 31, 35, 67, 59, 1]	f-test	0.1	1000.0
38	0.680884676145	0.520217260109	0.985142857143	0.537227949599	76.0	795.0	13.0	862.0	29	[3, 4, 5, 6, 7, 8, 11, 22, 24, 26, 28, 29, 32, 35, 36, 38, 40, 41, 44, 47, 49, 58, 59, 60, 61, 62, 63, 64, 67]	Lasso	0.1	1000.0
39	0.679665738162	0.521367521368	0.976	0.538946162658	87.0	784.0	21.0	854.0	31	[0, 3, 4, 5, 6, 7, 8, 11, 22, 24, 26, 28, 29, 32, 33, 35, 36, 38, 40, 41, 44, 47, 49, 58, 59, 60, 61, 62, 63, 64, 67]	Lasso	0.1	1000.0
40	0.679169992019	0.52176578786	0.972571428571	0.539518900344	91.0	780.0	24.0	851.0	32	[0, 3, 4, 5, 6, 7, 8, 11, 22, 24, 26, 27, 28, 29, 32, 33, 35, 36, 38, 40, 41, 44, 47, 49, 58, 59, 60, 61, 62, 63, 64, 67]	Lasso	0.1	1000.0
41	0.677910324969	0.529562982005	0.941714285714	0.551546391753	139.0	732.0	51.0	824.0	15	[60, 24, 7, 62, 64, 61, 23, 35, 44, 47, 63, 41, 32, 5, 4]	RFE	1.0	10.0
42	0.677754677755	0.532679738562	0.931428571429	0.556128293242	156.0	715.0	60.0	815.0	14	[60, 24, 7, 62, 64, 61, 23, 35, 44, 47, 63, 41, 32, 5]	RFE	1.0	100.0
43	0.676620825147	0.515568862275	0.984	0.528636884307	62.0	809.0	14.0	861.0	28	[3, 4, 6, 7, 8, 11, 22, 24, 26, 28, 29, 32, 35, 36, 38, 40, 41, 44, 47, 49, 58, 59, 60, 61, 62, 63, 64, 67]	Lasso	0.1	1000.0
44	0.675345167653	0.515662650602	0.978285714286	0.528636884307	67.0	804.0	19.0	856.0	25	[3, 6, 7, 8, 11, 22, 24, 26, 32, 35, 36, 38, 40, 41, 44, 47, 49, 58, 59, 60, 61, 62, 63, 64, 67]	Lasso	0.1	1000.0
45	0.674832082181	0.515700483092	0.976	0.528636884307	69.0	802.0	21.0	854.0	24	[3, 6, 7, 8, 11, 22, 24, 26, 35, 36, 38, 40, 41, 44, 47, 49, 58, 59, 60, 61, 62, 63, 64, 67]	Lasso	0.1	1000.0
46	0.674611398964	0.617061611374	0.744	0.640320733104	467.0	404.0	224.0	651.0	3	[60, 40, 7]	combined	1000.0	100.0
47	0.674254317111	0.513448894202	0.981714285714	0.524627720504	57.0	814.0	16.0	859.0	27	[3, 6, 7, 8, 11, 22, 24, 26, 28, 29, 32, 35, 36, 38, 40, 41, 44, 47, 49, 58, 59, 60, 61, 62, 63, 64, 67]	Lasso	0.1	1000.0
48	0.674015748031	0.514114114114	0.978285714286	0.525773195876	62.0	809.0	19.0	856.0	16	[60, 24, 7, 62, 64, 61, 23, 35, 44, 47, 63, 41, 32, 5, 4, 54]	RFE	1.0	10.0
49	0.673998428908	0.513464991023	0.980571428571	0.524627720504	58.0	813.0	17.0	858.0	26	[3, 6, 7, 8, 11, 22, 24, 26, 29, 32, 35, 36, 38, 40, 41, 44, 47, 49, 58, 59, 60, 61, 62, 63, 64, 67]	Lasso	0.1	1000.0
50	0.673132880698	0.584667228307	0.793142857143	0.613974799542	378.0	493.0	181.0	694.0	18	[60, 4, 61, 24, 0, 62, 33, 7, 6, 32, 53, 23, 44, 49, 64, 54, 31, 35]	f-test	0.1	1000.0
51	0.672912423625	0.522784810127	0.944	0.54009163803	117.0	754.0	49.0	826.0	13	[60, 24, 7, 62, 64, 61, 23, 35, 44, 47, 63, 41, 32]	RFE	10.0	100.0
52	0.670807453416	0.507936507937	0.987428571429	0.514318442153	34.0	837.0	11.0	864.0	22	[3, 6, 7, 8, 22, 24, 26, 35, 36, 38, 40, 41, 44, 47, 49, 58, 59, 60, 61, 62, 63, 64]	Lasso	1.0	10.0
53	0.670538133953	0.507025761124	0.989714285714	0.512600229095	29.0	842.0	9.0	866.0	16	[3, 7, 8, 22, 24, 26, 36, 38, 40, 41, 44, 47, 59, 60, 62, 64]	Lasso	10.0	10.0
54	0.670473083197	0.521242866202	0.939428571429	0.537227949599	116.0	755.0	53.0	822.0	12	[60, 24, 7, 62, 64, 61, 23, 35, 44, 47, 63, 41]	RFE	10.0	10.0
55	0.670257791458	0.505220417633	0.995428571429	0.509163802978	18.0	853.0	4.0	871.0	21	[3, 6, 7, 8, 22, 24, 26, 35, 36, 38, 40, 41, 44, 47, 58, 59, 60, 61, 62, 63, 64]	Lasso	1.0	100.0
56	0.66977105161	0.50705052879	0.986285714286	0.512600229095	32.0	839.0	12.0	863.0	20	[3, 6, 7, 8, 22, 24, 26, 35, 36, 38, 40, 41, 44, 47, 59, 60, 61, 62, 63, 64]	Lasso	1.0	100.0
57	0.668215253581	0.505269320843	0.986285714286	0.509163802978	26.0	845.0	12.0	863.0	18	[3, 6, 7, 8, 22, 24, 26, 35, 36, 38, 40, 41, 44, 47, 59, 60, 62, 64]	Lasso	1.0	100.0
58	0.668213457077	0.504967855056	0.987428571429	0.508591065292	24.0	847.0	11.0	864.0	19	[3, 6, 7, 8, 22, 24, 26, 35, 36, 38, 40, 41, 44, 47, 59, 60, 62, 63, 64]	Lasso	1.0	100.0
59	0.668199233716	0.502593659942	0.996571428571	0.504009163803	8.0	863.0	3.0	872.0	23	[60, 24, 7, 62, 64, 61, 23, 35, 44, 47, 63, 41, 32, 5, 4, 54, 59, 49, 26, 6, 67, 57, 43]	RFE	0.1	1000.0
60	0.667943316737	0.502304147465	0.996571428571	0.503436426117	7.0	864.0	3.0	872.0	27	[60, 4, 61, 24, 0, 62, 33, 7, 6, 32, 53, 23, 44, 49, 64, 54, 31, 35, 67, 59, 1, 26, 29, 66, 40, 2, 43]	f-test	0.1	1000.0
61	0.667940389759	0.501722158439	0.998857142857	0.502290950745	3.0	868.0	1.0	874.0	30	[60, 4, 61, 24, 0, 62, 33, 7, 6, 32, 53, 23, 44, 49, 64, 54, 31, 35, 67, 59, 1, 26, 29, 66, 40, 2, 43, 10, 11, 28]	f-test	0.1	1000.0
62	0.667745851882	0.516917293233	0.942857142857	0.529782359679	100.0	771.0	50.0	825.0	22	[60, 24, 7, 62, 64, 61, 23, 35, 44, 47, 63, 41, 32, 5, 4, 54, 59, 49, 26, 6, 67, 57]	RFE	0.1	1000.0
63	0.667685255921	0.501434308663	0.998857142857	0.501718213058	2.0	869.0	1.0	874.0	28	[60, 4, 61, 24, 0, 62, 33, 7, 6, 32, 53, 23, 44, 49, 64, 54, 31, 35, 67, 59, 1, 26, 29, 66, 40, 2, 43, 10]	f-test	0.1	1000.0
64	0.667684090042	0.501145475372	1.0	0.501145475372	0.0	871.0	0.0	875.0	68	[0, 1, 2, 3, 4, 5, 6, 7, 8, 9, 10, 11, 12, 13, 14, 15, 16, 17, 18, 19, 20, 21, 22, 23, 24, 25, 26, 27, 28, 29, 30, 31, 32, 33, 34, 35, 36, 37, 38, 39, 40, 41, 42, 43, 44, 45, 46, 47, 48, 49, 50, 51, 52, 53, 54, 55, 56, 57, 58, 59, 60, 61, 62, 63, 64, 65, 66, 67]	no selection	0.1	1000.0
65	0.667684090042	0.501145475372	1.0	0.501145475372	0.0	871.0	0.0	875.0	6	[60, 40, 7, 1, 56, 62]	combined	100.0	100.0
66	0.667684090042	0.501145475372	1.0	0.501145475372	0.0	871.0	0.0	875.0	28	[60, 40, 7, 1, 56, 62, 24, 4, 33, 43, 61, 10, 36, 0, 32, 20, 19, 13, 51, 44, 12, 54, 23, 6, 57, 64, 31, 2]	combined	1.0	100.0
67	0.667684090042	0.501145475372	1.0	0.501145475372	0.0	871.0	0.0	875.0	38	[60, 40, 7, 1, 56, 62, 24, 4, 33, 43, 61, 10, 36, 0, 32, 20, 19, 13, 51, 44, 12, 54, 23, 6, 57, 64, 31, 2, 46, 26, 53, 49, 18, 35, 34, 50, 59, 11]	combined	0.1	1000.0
68	0.667684090042	0.501145475372	1.0	0.501145475372	0.0	871.0	0.0	875.0	37	[60, 40, 7, 1, 56, 62, 24, 4, 33, 43, 61, 10, 36, 0, 32, 20, 19, 13, 51, 44, 12, 54, 23, 6, 57, 64, 31, 2, 46, 26, 53, 49, 18, 35, 34, 50, 59]	combined	0.1	1000.0
69	0.667684090042	0.501145475372	1.0	0.501145475372	0.0	871.0	0.0	875.0	36	[60, 40, 7, 1, 56, 62, 24, 4, 33, 43, 61, 10, 36, 0, 32, 20, 19, 13, 51, 44, 12, 54, 23, 6, 57, 64, 31, 2, 46, 26, 53, 49, 18, 35, 34, 50]	combined	1.0	100.0
70	0.667684090042	0.501145475372	1.0	0.501145475372	0.0	871.0	0.0	875.0	35	[60, 40, 7, 1, 56, 62, 24, 4, 33, 43, 61, 10, 36, 0, 32, 20, 19, 13, 51, 44, 12, 54, 23, 6, 57, 64, 31, 2, 46, 26, 53, 49, 18, 35, 34]	combined	1.0	100.0
71	0.667684090042	0.501145475372	1.0	0.501145475372	0.0	871.0	0.0	875.0	34	[60, 40, 7, 1, 56, 62, 24, 4, 33, 43, 61, 10, 36, 0, 32, 20, 19, 13, 51, 44, 12, 54, 23, 6, 57, 64, 31, 2, 46, 26, 53, 49, 18, 35]	combined	1.0	100.0
72	0.667684090042	0.501145475372	1.0	0.501145475372	0.0	871.0	0.0	875.0	33	[60, 40, 7, 1, 56, 62, 24, 4, 33, 43, 61, 10, 36, 0, 32, 20, 19, 13, 51, 44, 12, 54, 23, 6, 57, 64, 31, 2, 46, 26, 53, 49, 18]	combined	1.0	100.0
73	0.667684090042	0.501145475372	1.0	0.501145475372	0.0	871.0	0.0	875.0	31	[60, 40, 7, 1, 56, 62, 24, 4, 33, 43, 61, 10, 36, 0, 32, 20, 19, 13, 51, 44, 12, 54, 23, 6, 57, 64, 31, 2, 46, 26, 53]	combined	1.0	100.0
74	0.667684090042	0.501145475372	1.0	0.501145475372	0.0	871.0	0.0	875.0	30	[60, 40, 7, 1, 56, 62, 24, 4, 33, 43, 61, 10, 36, 0, 32, 20, 19, 13, 51, 44, 12, 54, 23, 6, 57, 64, 31, 2, 46, 26]	combined	1.0	100.0
75	0.667684090042	0.501145475372	1.0	0.501145475372	0.0	871.0	0.0	875.0	29	[60, 40, 7, 1, 56, 62, 24, 4, 33, 43, 61, 10, 36, 0, 32, 20, 19, 13, 51, 44, 12, 54, 23, 6, 57, 64, 31, 2, 46]	combined	1.0	100.0
76	0.667684090042	0.501145475372	1.0	0.501145475372	0.0	871.0	0.0	875.0	27	[60, 40, 7, 1, 56, 62, 24, 4, 33, 43, 61, 10, 36, 0, 32, 20, 19, 13, 51, 44, 12, 54, 23, 6, 57, 64, 31]	combined	1.0	100.0
77	0.667684090042	0.501145475372	1.0	0.501145475372	0.0	871.0	0.0	875.0	17	[60, 40, 7, 1, 56, 62, 24, 4, 33, 43, 61, 10, 36, 0, 32, 20, 19]	combined	1.0	100.0
78	0.667684090042	0.501145475372	1.0	0.501145475372	0.0	871.0	0.0	875.0	26	[60, 40, 7, 1, 56, 62, 24, 4, 33, 43, 61, 10, 36, 0, 32, 20, 19, 13, 51, 44, 12, 54, 23, 6, 57, 64]	combined	1.0	100.0
79	0.667684090042	0.501145475372	1.0	0.501145475372	0.0	871.0	0.0	875.0	25	[60, 40, 7, 1, 56, 62, 24, 4, 33, 43, 61, 10, 36, 0, 32, 20, 19, 13, 51, 44, 12, 54, 23, 6, 57]	combined	1.0	100.0
80	0.667684090042	0.501145475372	1.0	0.501145475372	0.0	871.0	0.0	875.0	24	[60, 40, 7, 1, 56, 62, 24, 4, 33, 43, 61, 10, 36, 0, 32, 20, 19, 13, 51, 44, 12, 54, 23, 6]	combined	1.0	100.0
81	0.667684090042	0.501145475372	1.0	0.501145475372	0.0	871.0	0.0	875.0	23	[60, 40, 7, 1, 56, 62, 24, 4, 33, 43, 61, 10, 36, 0, 32, 20, 19, 13, 51, 44, 12, 54, 23]	combined	0.1	1000.0
82	0.667684090042	0.501145475372	1.0	0.501145475372	0.0	871.0	0.0	875.0	22	[60, 40, 7, 1, 56, 62, 24, 4, 33, 43, 61, 10, 36, 0, 32, 20, 19, 13, 51, 44, 12, 54]	combined	1.0	100.0
83	0.667684090042	0.501145475372	1.0	0.501145475372	0.0	871.0	0.0	875.0	21	[60, 40, 7, 1, 56, 62, 24, 4, 33, 43, 61, 10, 36, 0, 32, 20, 19, 13, 51, 44, 12]	combined	1.0	100.0
84	0.667684090042	0.501145475372	1.0	0.501145475372	0.0	871.0	0.0	875.0	20	[60, 40, 7, 1, 56, 62, 24, 4, 33, 43, 61, 10, 36, 0, 32, 20, 19, 13, 51, 44]	combined	1.0	100.0
85	0.667684090042	0.501145475372	1.0	0.501145475372	0.0	871.0	0.0	875.0	19	[60, 40, 7, 1, 56, 62, 24, 4, 33, 43, 61, 10, 36, 0, 32, 20, 19, 13, 51]	combined	1.0	100.0
86	0.667684090042	0.501145475372	1.0	0.501145475372	0.0	871.0	0.0	875.0	18	[60, 40, 7, 1, 56, 62, 24, 4, 33, 43, 61, 10, 36, 0, 32, 20, 19, 13]	combined	1.0	100.0
87	0.667684090042	0.501145475372	1.0	0.501145475372	0.0	871.0	0.0	875.0	32	[60, 40, 7, 1, 56, 62, 24, 4, 33, 43, 61, 10, 36, 0, 32, 20, 19, 13, 51, 44, 12, 54, 23, 6, 57, 64, 31, 2, 46, 26, 53, 49]	combined	0.1	1000.0
88	0.667684090042	0.501145475372	1.0	0.501145475372	0.0	871.0	0.0	875.0	54	[60, 56, 40, 24, 51, 61, 7, 1, 62, 13, 36, 12, 32, 33, 4, 46, 20, 18, 6, 23, 19, 26, 43, 11, 0, 35, 59, 64, 10, 57, 37, 58, 31, 41, 14, 2, 54, 48, 22, 44, 50, 49, 53, 30, 34, 8, 27, 39, 29, 55, 67, 66, 28, 9]	mi	1.0	10.0
89	0.667684090042	0.501145475372	1.0	0.501145475372	0.0	871.0	0.0	875.0	67	[60, 56, 40, 24, 51, 61, 7, 1, 62, 13, 36, 12, 32, 33, 4, 46, 20, 18, 6, 23, 19, 26, 43, 11, 0, 35, 59, 64, 10, 57, 37, 58, 31, 41, 14, 2, 54, 48, 22, 44, 50, 49, 53, 30, 34, 8, 27, 39, 29, 55, 67, 66, 28, 9, 5, 52, 15, 47, 65, 17, 3, 42, 16, 63, 25, 45, 38]	mi	0.1	1000.0
90	0.667684090042	0.501145475372	1.0	0.501145475372	0.0	871.0	0.0	875.0	48	[60, 56, 40, 24, 51, 61, 7, 1, 62, 13, 36, 12, 32, 33, 4, 46, 20, 18, 6, 23, 19, 26, 43, 11, 0, 35, 59, 64, 10, 57, 37, 58, 31, 41, 14, 2, 54, 48, 22, 44, 50, 49, 53, 30, 34, 8, 27, 39]	mi	0.1	1000.0
91	0.667684090042	0.501145475372	1.0	0.501145475372	0.0	871.0	0.0	875.0	46	[60, 56, 40, 24, 51, 61, 7, 1, 62, 13, 36, 12, 32, 33, 4, 46, 20, 18, 6, 23, 19, 26, 43, 11, 0, 35, 59, 64, 10, 57, 37, 58, 31, 41, 14, 2, 54, 48, 22, 44, 50, 49, 53, 30, 34, 8]	mi	0.1	1000.0
92	0.667684090042	0.501145475372	1.0	0.501145475372	0.0	871.0	0.0	875.0	45	[60, 56, 40, 24, 51, 61, 7, 1, 62, 13, 36, 12, 32, 33, 4, 46, 20, 18, 6, 23, 19, 26, 43, 11, 0, 35, 59, 64, 10, 57, 37, 58, 31, 41, 14, 2, 54, 48, 22, 44, 50, 49, 53, 30, 34]	mi	0.1	1000.0
93	0.667684090042	0.501145475372	1.0	0.501145475372	0.0	871.0	0.0	875.0	44	[60, 56, 40, 24, 51, 61, 7, 1, 62, 13, 36, 12, 32, 33, 4, 46, 20, 18, 6, 23, 19, 26, 43, 11, 0, 35, 59, 64, 10, 57, 37, 58, 31, 41, 14, 2, 54, 48, 22, 44, 50, 49, 53, 30]	mi	0.1	1000.0
94	0.667684090042	0.501145475372	1.0	0.501145475372	0.0	871.0	0.0	875.0	43	[60, 56, 40, 24, 51, 61, 7, 1, 62, 13, 36, 12, 32, 33, 4, 46, 20, 18, 6, 23, 19, 26, 43, 11, 0, 35, 59, 64, 10, 57, 37, 58, 31, 41, 14, 2, 54, 48, 22, 44, 50, 49, 53]	mi	0.1	1000.0
95	0.667684090042	0.501145475372	1.0	0.501145475372	0.0	871.0	0.0	875.0	42	[60, 56, 40, 24, 51, 61, 7, 1, 62, 13, 36, 12, 32, 33, 4, 46, 20, 18, 6, 23, 19, 26, 43, 11, 0, 35, 59, 64, 10, 57, 37, 58, 31, 41, 14, 2, 54, 48, 22, 44, 50, 49]	mi	0.1	1000.0
96	0.667684090042	0.501145475372	1.0	0.501145475372	0.0	871.0	0.0	875.0	41	[60, 56, 40, 24, 51, 61, 7, 1, 62, 13, 36, 12, 32, 33, 4, 46, 20, 18, 6, 23, 19, 26, 43, 11, 0, 35, 59, 64, 10, 57, 37, 58, 31, 41, 14, 2, 54, 48, 22, 44, 50]	mi	1.0	10.0
97	0.667684090042	0.501145475372	1.0	0.501145475372	0.0	871.0	0.0	875.0	40	[60, 56, 40, 24, 51, 61, 7, 1, 62, 13, 36, 12, 32, 33, 4, 46, 20, 18, 6, 23, 19, 26, 43, 11, 0, 35, 59, 64, 10, 57, 37, 58, 31, 41, 14, 2, 54, 48, 22, 44]	mi	1.0	10.0
98	0.667684090042	0.501145475372	1.0	0.501145475372	0.0	871.0	0.0	875.0	39	[60, 56, 40, 24, 51, 61, 7, 1, 62, 13, 36, 12, 32, 33, 4, 46, 20, 18, 6, 23, 19, 26, 43, 11, 0, 35, 59, 64, 10, 57, 37, 58, 31, 41, 14, 2, 54, 48, 22]	mi	0.1	1000.0
99	0.667684090042	0.501145475372	1.0	0.501145475372	0.0	871.0	0.0	875.0	38	[60, 56, 40, 24, 51, 61, 7, 1, 62, 13, 36, 12, 32, 33, 4, 46, 20, 18, 6, 23, 19, 26, 43, 11, 0, 35, 59, 64, 10, 57, 37, 58, 31, 41, 14, 2, 54, 48]	mi	0.1	1000.0
100	0.667684090042	0.501145475372	1.0	0.501145475372	0.0	871.0	0.0	875.0	37	[60, 56, 40, 24, 51, 61, 7, 1, 62, 13, 36, 12, 32, 33, 4, 46, 20, 18, 6, 23, 19, 26, 43, 11, 0, 35, 59, 64, 10, 57, 37, 58, 31, 41, 14, 2, 54]	mi	0.1	1000.0
101	0.667684090042	0.501145475372	1.0	0.501145475372	0.0	871.0	0.0	875.0	36	[60, 56, 40, 24, 51, 61, 7, 1, 62, 13, 36, 12, 32, 33, 4, 46, 20, 18, 6, 23, 19, 26, 43, 11, 0, 35, 59, 64, 10, 57, 37, 58, 31, 41, 14, 2]	mi	1.0	10.0
102	0.667684090042	0.501145475372	1.0	0.501145475372	0.0	871.0	0.0	875.0	35	[60, 56, 40, 24, 51, 61, 7, 1, 62, 13, 36, 12, 32, 33, 4, 46, 20, 18, 6, 23, 19, 26, 43, 11, 0, 35, 59, 64, 10, 57, 37, 58, 31, 41, 14]	mi	1.0	10.0
103	0.667684090042	0.501145475372	1.0	0.501145475372	0.0	871.0	0.0	875.0	34	[60, 56, 40, 24, 51, 61, 7, 1, 62, 13, 36, 12, 32, 33, 4, 46, 20, 18, 6, 23, 19, 26, 43, 11, 0, 35, 59, 64, 10, 57, 37, 58, 31, 41]	mi	1.0	10.0
104	0.667684090042	0.501145475372	1.0	0.501145475372	0.0	871.0	0.0	875.0	33	[60, 56, 40, 24, 51, 61, 7, 1, 62, 13, 36, 12, 32, 33, 4, 46, 20, 18, 6, 23, 19, 26, 43, 11, 0, 35, 59, 64, 10, 57, 37, 58, 31]	mi	1.0	10.0
105	0.667684090042	0.501145475372	1.0	0.501145475372	0.0	871.0	0.0	875.0	32	[60, 56, 40, 24, 51, 61, 7, 1, 62, 13, 36, 12, 32, 33, 4, 46, 20, 18, 6, 23, 19, 26, 43, 11, 0, 35, 59, 64, 10, 57, 37, 58]	mi	1.0	10.0
106	0.667684090042	0.501145475372	1.0	0.501145475372	0.0	871.0	0.0	875.0	47	[60, 56, 40, 24, 51, 61, 7, 1, 62, 13, 36, 12, 32, 33, 4, 46, 20, 18, 6, 23, 19, 26, 43, 11, 0, 35, 59, 64, 10, 57, 37, 58, 31, 41, 14, 2, 54, 48, 22, 44, 50, 49, 53, 30, 34, 8, 27]	mi	0.1	1000.0
107	0.667684090042	0.501145475372	1.0	0.501145475372	0.0	871.0	0.0	875.0	49	[60, 56, 40, 24, 51, 61, 7, 1, 62, 13, 36, 12, 32, 33, 4, 46, 20, 18, 6, 23, 19, 26, 43, 11, 0, 35, 59, 64, 10, 57, 37, 58, 31, 41, 14, 2, 54, 48, 22, 44, 50, 49, 53, 30, 34, 8, 27, 39, 29]	mi	1.0	10.0
108	0.667684090042	0.501145475372	1.0	0.501145475372	0.0	871.0	0.0	875.0	66	[60, 56, 40, 24, 51, 61, 7, 1, 62, 13, 36, 12, 32, 33, 4, 46, 20, 18, 6, 23, 19, 26, 43, 11, 0, 35, 59, 64, 10, 57, 37, 58, 31, 41, 14, 2, 54, 48, 22, 44, 50, 49, 53, 30, 34, 8, 27, 39, 29, 55, 67, 66, 28, 9, 5, 52, 15, 47, 65, 17, 3, 42, 16, 63, 25, 45]	mi	0.1	1000.0
109	0.667684090042	0.501145475372	1.0	0.501145475372	0.0	871.0	0.0	875.0	50	[60, 56, 40, 24, 51, 61, 7, 1, 62, 13, 36, 12, 32, 33, 4, 46, 20, 18, 6, 23, 19, 26, 43, 11, 0, 35, 59, 64, 10, 57, 37, 58, 31, 41, 14, 2, 54, 48, 22, 44, 50, 49, 53, 30, 34, 8, 27, 39, 29, 55]	mi	1.0	10.0
110	0.667684090042	0.501145475372	1.0	0.501145475372	0.0	871.0	0.0	875.0	65	[60, 56, 40, 24, 51, 61, 7, 1, 62, 13, 36, 12, 32, 33, 4, 46, 20, 18, 6, 23, 19, 26, 43, 11, 0, 35, 59, 64, 10, 57, 37, 58, 31, 41, 14, 2, 54, 48, 22, 44, 50, 49, 53, 30, 34, 8, 27, 39, 29, 55, 67, 66, 28, 9, 5, 52, 15, 47, 65, 17, 3, 42, 16, 63, 25]	mi	0.1	1000.0
111	0.667684090042	0.501145475372	1.0	0.501145475372	0.0	871.0	0.0	875.0	64	[60, 56, 40, 24, 51, 61, 7, 1, 62, 13, 36, 12, 32, 33, 4, 46, 20, 18, 6, 23, 19, 26, 43, 11, 0, 35, 59, 64, 10, 57, 37, 58, 31, 41, 14, 2, 54, 48, 22, 44, 50, 49, 53, 30, 34, 8, 27, 39, 29, 55, 67, 66, 28, 9, 5, 52, 15, 47, 65, 17, 3, 42, 16, 63]	mi	0.1	1000.0
112	0.667684090042	0.501145475372	1.0	0.501145475372	0.0	871.0	0.0	875.0	63	[60, 56, 40, 24, 51, 61, 7, 1, 62, 13, 36, 12, 32, 33, 4, 46, 20, 18, 6, 23, 19, 26, 43, 11, 0, 35, 59, 64, 10, 57, 37, 58, 31, 41, 14, 2, 54, 48, 22, 44, 50, 49, 53, 30, 34, 8, 27, 39, 29, 55, 67, 66, 28, 9, 5, 52, 15, 47, 65, 17, 3, 42, 16]	mi	0.1	1000.0
113	0.667684090042	0.501145475372	1.0	0.501145475372	0.0	871.0	0.0	875.0	62	[60, 56, 40, 24, 51, 61, 7, 1, 62, 13, 36, 12, 32, 33, 4, 46, 20, 18, 6, 23, 19, 26, 43, 11, 0, 35, 59, 64, 10, 57, 37, 58, 31, 41, 14, 2, 54, 48, 22, 44, 50, 49, 53, 30, 34, 8, 27, 39, 29, 55, 67, 66, 28, 9, 5, 52, 15, 47, 65, 17, 3, 42]	mi	0.1	100.0
114	0.667684090042	0.501145475372	1.0	0.501145475372	0.0	871.0	0.0	875.0	61	[60, 56, 40, 24, 51, 61, 7, 1, 62, 13, 36, 12, 32, 33, 4, 46, 20, 18, 6, 23, 19, 26, 43, 11, 0, 35, 59, 64, 10, 57, 37, 58, 31, 41, 14, 2, 54, 48, 22, 44, 50, 49, 53, 30, 34, 8, 27, 39, 29, 55, 67, 66, 28, 9, 5, 52, 15, 47, 65, 17, 3]	mi	0.1	100.0
115	0.667684090042	0.501145475372	1.0	0.501145475372	0.0	871.0	0.0	875.0	60	[60, 56, 40, 24, 51, 61, 7, 1, 62, 13, 36, 12, 32, 33, 4, 46, 20, 18, 6, 23, 19, 26, 43, 11, 0, 35, 59, 64, 10, 57, 37, 58, 31, 41, 14, 2, 54, 48, 22, 44, 50, 49, 53, 30, 34, 8, 27, 39, 29, 55, 67, 66, 28, 9, 5, 52, 15, 47, 65, 17]	mi	0.1	100.0
116	0.667684090042	0.501145475372	1.0	0.501145475372	0.0	871.0	0.0	875.0	59	[60, 56, 40, 24, 51, 61, 7, 1, 62, 13, 36, 12, 32, 33, 4, 46, 20, 18, 6, 23, 19, 26, 43, 11, 0, 35, 59, 64, 10, 57, 37, 58, 31, 41, 14, 2, 54, 48, 22, 44, 50, 49, 53, 30, 34, 8, 27, 39, 29, 55, 67, 66, 28, 9, 5, 52, 15, 47, 65]	mi	0.1	100.0
117	0.667684090042	0.501145475372	1.0	0.501145475372	0.0	871.0	0.0	875.0	58	[60, 56, 40, 24, 51, 61, 7, 1, 62, 13, 36, 12, 32, 33, 4, 46, 20, 18, 6, 23, 19, 26, 43, 11, 0, 35, 59, 64, 10, 57, 37, 58, 31, 41, 14, 2, 54, 48, 22, 44, 50, 49, 53, 30, 34, 8, 27, 39, 29, 55, 67, 66, 28, 9, 5, 52, 15, 47]	mi	0.1	100.0
118	0.667684090042	0.501145475372	1.0	0.501145475372	0.0	871.0	0.0	875.0	57	[60, 56, 40, 24, 51, 61, 7, 1, 62, 13, 36, 12, 32, 33, 4, 46, 20, 18, 6, 23, 19, 26, 43, 11, 0, 35, 59, 64, 10, 57, 37, 58, 31, 41, 14, 2, 54, 48, 22, 44, 50, 49, 53, 30, 34, 8, 27, 39, 29, 55, 67, 66, 28, 9, 5, 52, 15]	mi	0.1	100.0
119	0.667684090042	0.501145475372	1.0	0.501145475372	0.0	871.0	0.0	875.0	56	[60, 56, 40, 24, 51, 61, 7, 1, 62, 13, 36, 12, 32, 33, 4, 46, 20, 18, 6, 23, 19, 26, 43, 11, 0, 35, 59, 64, 10, 57, 37, 58, 31, 41, 14, 2, 54, 48, 22, 44, 50, 49, 53, 30, 34, 8, 27, 39, 29, 55, 67, 66, 28, 9, 5, 52]	mi	0.1	100.0
120	0.667684090042	0.501145475372	1.0	0.501145475372	0.0	871.0	0.0	875.0	55	[60, 56, 40, 24, 51, 61, 7, 1, 62, 13, 36, 12, 32, 33, 4, 46, 20, 18, 6, 23, 19, 26, 43, 11, 0, 35, 59, 64, 10, 57, 37, 58, 31, 41, 14, 2, 54, 48, 22, 44, 50, 49, 53, 30, 34, 8, 27, 39, 29, 55, 67, 66, 28, 9, 5]	mi	0.1	100.0
121	0.667684090042	0.501145475372	1.0	0.501145475372	0.0	871.0	0.0	875.0	40	[60, 40, 7, 1, 56, 62, 24, 4, 33, 43, 61, 10, 36, 0, 32, 20, 19, 13, 51, 44, 12, 54, 23, 6, 57, 64, 31, 2, 46, 26, 53, 49, 18, 35, 34, 50, 59, 11, 14, 41]	combined	0.1	1000.0
122	0.667684090042	0.501145475372	1.0	0.501145475372	0.0	871.0	0.0	875.0	53	[60, 56, 40, 24, 51, 61, 7, 1, 62, 13, 36, 12, 32, 33, 4, 46, 20, 18, 6, 23, 19, 26, 43, 11, 0, 35, 59, 64, 10, 57, 37, 58, 31, 41, 14, 2, 54, 48, 22, 44, 50, 49, 53, 30, 34, 8, 27, 39, 29, 55, 67, 66, 28]	mi	0.1	100.0
123	0.667684090042	0.501145475372	1.0	0.501145475372	0.0	871.0	0.0	875.0	52	[60, 56, 40, 24, 51, 61, 7, 1, 62, 13, 36, 12, 32, 33, 4, 46, 20, 18, 6, 23, 19, 26, 43, 11, 0, 35, 59, 64, 10, 57, 37, 58, 31, 41, 14, 2, 54, 48, 22, 44, 50, 49, 53, 30, 34, 8, 27, 39, 29, 55, 67, 66]	mi	0.1	100.0
124	0.667684090042	0.501145475372	1.0	0.501145475372	0.0	871.0	0.0	875.0	51	[60, 56, 40, 24, 51, 61, 7, 1, 62, 13, 36, 12, 32, 33, 4, 46, 20, 18, 6, 23, 19, 26, 43, 11, 0, 35, 59, 64, 10, 57, 37, 58, 31, 41, 14, 2, 54, 48, 22, 44, 50, 49, 53, 30, 34, 8, 27, 39, 29, 55, 67]	mi	0.1	100.0
125	0.667684090042	0.501145475372	1.0	0.501145475372	0.0	871.0	0.0	875.0	39	[60, 40, 7, 1, 56, 62, 24, 4, 33, 43, 61, 10, 36, 0, 32, 20, 19, 13, 51, 44, 12, 54, 23, 6, 57, 64, 31, 2, 46, 26, 53, 49, 18, 35, 34, 50, 59, 11, 14]	combined	0.1	1000.0
126	0.667684090042	0.501145475372	1.0	0.501145475372	0.0	871.0	0.0	875.0	67	[60, 40, 7, 1, 56, 62, 24, 4, 33, 43, 61, 10, 36, 0, 32, 20, 19, 13, 51, 44, 12, 54, 23, 6, 57, 64, 31, 2, 46, 26, 53, 49, 18, 35, 34, 50, 59, 11, 14, 41, 67, 39, 29, 45, 66, 58, 9, 21, 55, 16, 37, 48, 28, 5, 27, 42, 47, 8, 17, 3, 22, 30, 65, 63, 52, 15, 38]	combined	0.1	1000.0
127	0.667684090042	0.501145475372	1.0	0.501145475372	0.0	871.0	0.0	875.0	41	[60, 40, 7, 1, 56, 62, 24, 4, 33, 43, 61, 10, 36, 0, 32, 20, 19, 13, 51, 44, 12, 54, 23, 6, 57, 64, 31, 2, 46, 26, 53, 49, 18, 35, 34, 50, 59, 11, 14, 41, 67]	combined	0.1	1000.0
128	0.667684090042	0.501145475372	1.0	0.501145475372	0.0	871.0	0.0	875.0	44	[60, 24, 7, 62, 64, 61, 23, 35, 44, 47, 63, 41, 32, 5, 4, 54, 59, 49, 26, 6, 67, 57, 43, 28, 29, 3, 12, 0, 33, 8, 10, 50, 58, 16, 13, 40, 31, 9, 38, 51, 21, 37, 18, 53]	RFE	0.1	1000.0
129	0.667684090042	0.501145475372	1.0	0.501145475372	0.0	871.0	0.0	875.0	50	[60, 24, 7, 62, 64, 61, 23, 35, 44, 47, 63, 41, 32, 5, 4, 54, 59, 49, 26, 6, 67, 57, 43, 28, 29, 3, 12, 0, 33, 8, 10, 50, 58, 16, 13, 40, 31, 9, 38, 51, 21, 37, 18, 53, 22, 27, 19, 1, 46, 65]	RFE	0.1	1000.0
130	0.667684090042	0.501145475372	1.0	0.501145475372	0.0	871.0	0.0	875.0	49	[60, 24, 7, 62, 64, 61, 23, 35, 44, 47, 63, 41, 32, 5, 4, 54, 59, 49, 26, 6, 67, 57, 43, 28, 29, 3, 12, 0, 33, 8, 10, 50, 58, 16, 13, 40, 31, 9, 38, 51, 21, 37, 18, 53, 22, 27, 19, 1, 46]	RFE	0.1	1000.0
131	0.667684090042	0.501145475372	1.0	0.501145475372	0.0	871.0	0.0	875.0	48	[60, 24, 7, 62, 64, 61, 23, 35, 44, 47, 63, 41, 32, 5, 4, 54, 59, 49, 26, 6, 67, 57, 43, 28, 29, 3, 12, 0, 33, 8, 10, 50, 58, 16, 13, 40, 31, 9, 38, 51, 21, 37, 18, 53, 22, 27, 19, 1]	RFE	0.1	1000.0
132	0.667684090042	0.501145475372	1.0	0.501145475372	0.0	871.0	0.0	875.0	47	[60, 24, 7, 62, 64, 61, 23, 35, 44, 47, 63, 41, 32, 5, 4, 54, 59, 49, 26, 6, 67, 57, 43, 28, 29, 3, 12, 0, 33, 8, 10, 50, 58, 16, 13, 40, 31, 9, 38, 51, 21, 37, 18, 53, 22, 27, 19]	RFE	0.1	1000.0
133	0.667684090042	0.501145475372	1.0	0.501145475372	0.0	871.0	0.0	875.0	46	[60, 24, 7, 62, 64, 61, 23, 35, 44, 47, 63, 41, 32, 5, 4, 54, 59, 49, 26, 6, 67, 57, 43, 28, 29, 3, 12, 0, 33, 8, 10, 50, 58, 16, 13, 40, 31, 9, 38, 51, 21, 37, 18, 53, 22, 27]	RFE	0.1	1000.0
134	0.667684090042	0.501145475372	1.0	0.501145475372	0.0	871.0	0.0	875.0	45	[60, 24, 7, 62, 64, 61, 23, 35, 44, 47, 63, 41, 32, 5, 4, 54, 59, 49, 26, 6, 67, 57, 43, 28, 29, 3, 12, 0, 33, 8, 10, 50, 58, 16, 13, 40, 31, 9, 38, 51, 21, 37, 18, 53, 22]	RFE	0.1	1000.0
135	0.667684090042	0.501145475372	1.0	0.501145475372	0.0	871.0	0.0	875.0	43	[60, 24, 7, 62, 64, 61, 23, 35, 44, 47, 63, 41, 32, 5, 4, 54, 59, 49, 26, 6, 67, 57, 43, 28, 29, 3, 12, 0, 33, 8, 10, 50, 58, 16, 13, 40, 31, 9, 38, 51, 21, 37, 18]	RFE	0.1	1000.0
136	0.667684090042	0.501145475372	1.0	0.501145475372	0.0	871.0	0.0	875.0	35	[60, 24, 7, 62, 64, 61, 23, 35, 44, 47, 63, 41, 32, 5, 4, 54, 59, 49, 26, 6, 67, 57, 43, 28, 29, 3, 12, 0, 33, 8, 10, 50, 58, 16, 13]	RFE	0.1	1000.0
137	0.667684090042	0.501145475372	1.0	0.501145475372	0.0	871.0	0.0	875.0	42	[60, 24, 7, 62, 64, 61, 23, 35, 44, 47, 63, 41, 32, 5, 4, 54, 59, 49, 26, 6, 67, 57, 43, 28, 29, 3, 12, 0, 33, 8, 10, 50, 58, 16, 13, 40, 31, 9, 38, 51, 21, 37]	RFE	0.1	1000.0
138	0.667684090042	0.501145475372	1.0	0.501145475372	0.0	871.0	0.0	875.0	41	[60, 24, 7, 62, 64, 61, 23, 35, 44, 47, 63, 41, 32, 5, 4, 54, 59, 49, 26, 6, 67, 57, 43, 28, 29, 3, 12, 0, 33, 8, 10, 50, 58, 16, 13, 40, 31, 9, 38, 51, 21]	RFE	0.1	1000.0
139	0.667684090042	0.501145475372	1.0	0.501145475372	0.0	871.0	0.0	875.0	40	[60, 24, 7, 62, 64, 61, 23, 35, 44, 47, 63, 41, 32, 5, 4, 54, 59, 49, 26, 6, 67, 57, 43, 28, 29, 3, 12, 0, 33, 8, 10, 50, 58, 16, 13, 40, 31, 9, 38, 51]	RFE	0.1	1000.0
140	0.667684090042	0.501145475372	1.0	0.501145475372	0.0	871.0	0.0	875.0	39	[60, 24, 7, 62, 64, 61, 23, 35, 44, 47, 63, 41, 32, 5, 4, 54, 59, 49, 26, 6, 67, 57, 43, 28, 29, 3, 12, 0, 33, 8, 10, 50, 58, 16, 13, 40, 31, 9, 38]	RFE	0.1	1000.0
141	0.667684090042	0.501145475372	1.0	0.501145475372	0.0	871.0	0.0	875.0	38	[60, 24, 7, 62, 64, 61, 23, 35, 44, 47, 63, 41, 32, 5, 4, 54, 59, 49, 26, 6, 67, 57, 43, 28, 29, 3, 12, 0, 33, 8, 10, 50, 58, 16, 13, 40, 31, 9]	RFE	0.1	1000.0
142	0.667684090042	0.501145475372	1.0	0.501145475372	0.0	871.0	0.0	875.0	37	[60, 24, 7, 62, 64, 61, 23, 35, 44, 47, 63, 41, 32, 5, 4, 54, 59, 49, 26, 6, 67, 57, 43, 28, 29, 3, 12, 0, 33, 8, 10, 50, 58, 16, 13, 40, 31]	RFE	0.1	1000.0
143	0.667684090042	0.501145475372	1.0	0.501145475372	0.0	871.0	0.0	875.0	51	[60, 24, 7, 62, 64, 61, 23, 35, 44, 47, 63, 41, 32, 5, 4, 54, 59, 49, 26, 6, 67, 57, 43, 28, 29, 3, 12, 0, 33, 8, 10, 50, 58, 16, 13, 40, 31, 9, 38, 51, 21, 37, 18, 53, 22, 27, 19, 1, 46, 65, 20]	RFE	0.1	1000.0
144	0.667684090042	0.501145475372	1.0	0.501145475372	0.0	871.0	0.0	875.0	52	[60, 24, 7, 62, 64, 61, 23, 35, 44, 47, 63, 41, 32, 5, 4, 54, 59, 49, 26, 6, 67, 57, 43, 28, 29, 3, 12, 0, 33, 8, 10, 50, 58, 16, 13, 40, 31, 9, 38, 51, 21, 37, 18, 53, 22, 27, 19, 1, 46, 65, 20, 30]	RFE	0.1	1000.0
145	0.667684090042	0.501145475372	1.0	0.501145475372	0.0	871.0	0.0	875.0	53	[60, 24, 7, 62, 64, 61, 23, 35, 44, 47, 63, 41, 32, 5, 4, 54, 59, 49, 26, 6, 67, 57, 43, 28, 29, 3, 12, 0, 33, 8, 10, 50, 58, 16, 13, 40, 31, 9, 38, 51, 21, 37, 18, 53, 22, 27, 19, 1, 46, 65, 20, 30, 39]	RFE	0.1	1000.0
146	0.667684090042	0.501145475372	1.0	0.501145475372	0.0	871.0	0.0	875.0	54	[60, 24, 7, 62, 64, 61, 23, 35, 44, 47, 63, 41, 32, 5, 4, 54, 59, 49, 26, 6, 67, 57, 43, 28, 29, 3, 12, 0, 33, 8, 10, 50, 58, 16, 13, 40, 31, 9, 38, 51, 21, 37, 18, 53, 22, 27, 19, 1, 46, 65, 20, 30, 39, 14]	RFE	0.1	1000.0
147	0.667684090042	0.501145475372	1.0	0.501145475372	0.0	871.0	0.0	875.0	55	[60, 24, 7, 62, 64, 61, 23, 35, 44, 47, 63, 41, 32, 5, 4, 54, 59, 49, 26, 6, 67, 57, 43, 28, 29, 3, 12, 0, 33, 8, 10, 50, 58, 16, 13, 40, 31, 9, 38, 51, 21, 37, 18, 53, 22, 27, 19, 1, 46, 65, 20, 30, 39, 14, 56]	RFE	0.1	1000.0
148	0.667684090042	0.501145475372	1.0	0.501145475372	0.0	871.0	0.0	875.0	56	[60, 24, 7, 62, 64, 61, 23, 35, 44, 47, 63, 41, 32, 5, 4, 54, 59, 49, 26, 6, 67, 57, 43, 28, 29, 3, 12, 0, 33, 8, 10, 50, 58, 16, 13, 40, 31, 9, 38, 51, 21, 37, 18, 53, 22, 27, 19, 1, 46, 65, 20, 30, 39, 14, 56, 2]	RFE	0.1	1000.0
149	0.667684090042	0.501145475372	1.0	0.501145475372	0.0	871.0	0.0	875.0	57	[60, 24, 7, 62, 64, 61, 23, 35, 44, 47, 63, 41, 32, 5, 4, 54, 59, 49, 26, 6, 67, 57, 43, 28, 29, 3, 12, 0, 33, 8, 10, 50, 58, 16, 13, 40, 31, 9, 38, 51, 21, 37, 18, 53, 22, 27, 19, 1, 46, 65, 20, 30, 39, 14, 56, 2, 52]	RFE	0.1	1000.0
150	0.667684090042	0.501145475372	1.0	0.501145475372	0.0	871.0	0.0	875.0	58	[60, 24, 7, 62, 64, 61, 23, 35, 44, 47, 63, 41, 32, 5, 4, 54, 59, 49, 26, 6, 67, 57, 43, 28, 29, 3, 12, 0, 33, 8, 10, 50, 58, 16, 13, 40, 31, 9, 38, 51, 21, 37, 18, 53, 22, 27, 19, 1, 46, 65, 20, 30, 39, 14, 56, 2, 52, 66]	RFE	0.1	1000.0
151	0.667684090042	0.501145475372	1.0	0.501145475372	0.0	871.0	0.0	875.0	59	[60, 24, 7, 62, 64, 61, 23, 35, 44, 47, 63, 41, 32, 5, 4, 54, 59, 49, 26, 6, 67, 57, 43, 28, 29, 3, 12, 0, 33, 8, 10, 50, 58, 16, 13, 40, 31, 9, 38, 51, 21, 37, 18, 53, 22, 27, 19, 1, 46, 65, 20, 30, 39, 14, 56, 2, 52, 66, 55]	RFE	0.1	1000.0
152	0.667684090042	0.501145475372	1.0	0.501145475372	0.0	871.0	0.0	875.0	60	[60, 24, 7, 62, 64, 61, 23, 35, 44, 47, 63, 41, 32, 5, 4, 54, 59, 49, 26, 6, 67, 57, 43, 28, 29, 3, 12, 0, 33, 8, 10, 50, 58, 16, 13, 40, 31, 9, 38, 51, 21, 37, 18, 53, 22, 27, 19, 1, 46, 65, 20, 30, 39, 14, 56, 2, 52, 66, 55, 48]	RFE	0.1	1000.0
153	0.667684090042	0.501145475372	1.0	0.501145475372	0.0	871.0	0.0	875.0	61	[60, 24, 7, 62, 64, 61, 23, 35, 44, 47, 63, 41, 32, 5, 4, 54, 59, 49, 26, 6, 67, 57, 43, 28, 29, 3, 12, 0, 33, 8, 10, 50, 58, 16, 13, 40, 31, 9, 38, 51, 21, 37, 18, 53, 22, 27, 19, 1, 46, 65, 20, 30, 39, 14, 56, 2, 52, 66, 55, 48, 45]	RFE	0.1	1000.0
154	0.667684090042	0.501145475372	1.0	0.501145475372	0.0	871.0	0.0	875.0	62	[60, 24, 7, 62, 64, 61, 23, 35, 44, 47, 63, 41, 32, 5, 4, 54, 59, 49, 26, 6, 67, 57, 43, 28, 29, 3, 12, 0, 33, 8, 10, 50, 58, 16, 13, 40, 31, 9, 38, 51, 21, 37, 18, 53, 22, 27, 19, 1, 46, 65, 20, 30, 39, 14, 56, 2, 52, 66, 55, 48, 45, 17]	RFE	0.1	1000.0
155	0.667684090042	0.501145475372	1.0	0.501145475372	0.0	871.0	0.0	875.0	63	[60, 24, 7, 62, 64, 61, 23, 35, 44, 47, 63, 41, 32, 5, 4, 54, 59, 49, 26, 6, 67, 57, 43, 28, 29, 3, 12, 0, 33, 8, 10, 50, 58, 16, 13, 40, 31, 9, 38, 51, 21, 37, 18, 53, 22, 27, 19, 1, 46, 65, 20, 30, 39, 14, 56, 2, 52, 66, 55, 48, 45, 17, 36]	RFE	0.1	1000.0
156	0.667684090042	0.501145475372	1.0	0.501145475372	0.0	871.0	0.0	875.0	64	[60, 24, 7, 62, 64, 61, 23, 35, 44, 47, 63, 41, 32, 5, 4, 54, 59, 49, 26, 6, 67, 57, 43, 28, 29, 3, 12, 0, 33, 8, 10, 50, 58, 16, 13, 40, 31, 9, 38, 51, 21, 37, 18, 53, 22, 27, 19, 1, 46, 65, 20, 30, 39, 14, 56, 2, 52, 66, 55, 48, 45, 17, 36, 42]	RFE	0.1	1000.0
157	0.667684090042	0.501145475372	1.0	0.501145475372	0.0	871.0	0.0	875.0	65	[60, 24, 7, 62, 64, 61, 23, 35, 44, 47, 63, 41, 32, 5, 4, 54, 59, 49, 26, 6, 67, 57, 43, 28, 29, 3, 12, 0, 33, 8, 10, 50, 58, 16, 13, 40, 31, 9, 38, 51, 21, 37, 18, 53, 22, 27, 19, 1, 46, 65, 20, 30, 39, 14, 56, 2, 52, 66, 55, 48, 45, 17, 36, 42, 34]	RFE	0.1	1000.0
158	0.667684090042	0.501145475372	1.0	0.501145475372	0.0	871.0	0.0	875.0	66	[60, 24, 7, 62, 64, 61, 23, 35, 44, 47, 63, 41, 32, 5, 4, 54, 59, 49, 26, 6, 67, 57, 43, 28, 29, 3, 12, 0, 33, 8, 10, 50, 58, 16, 13, 40, 31, 9, 38, 51, 21, 37, 18, 53, 22, 27, 19, 1, 46, 65, 20, 30, 39, 14, 56, 2, 52, 66, 55, 48, 45, 17, 36, 42, 34, 11]	RFE	0.1	1000.0
159	0.667684090042	0.501145475372	1.0	0.501145475372	0.0	871.0	0.0	875.0	67	[60, 24, 7, 62, 64, 61, 23, 35, 44, 47, 63, 41, 32, 5, 4, 54, 59, 49, 26, 6, 67, 57, 43, 28, 29, 3, 12, 0, 33, 8, 10, 50, 58, 16, 13, 40, 31, 9, 38, 51, 21, 37, 18, 53, 22, 27, 19, 1, 46, 65, 20, 30, 39, 14, 56, 2, 52, 66, 55, 48, 45, 17, 36, 42, 34, 11, 15]	RFE	0.1	1000.0
160	0.667684090042	0.501145475372	1.0	0.501145475372	0.0	871.0	0.0	875.0	36	[60, 24, 7, 62, 64, 61, 23, 35, 44, 47, 63, 41, 32, 5, 4, 54, 59, 49, 26, 6, 67, 57, 43, 28, 29, 3, 12, 0, 33, 8, 10, 50, 58, 16, 13, 40]	RFE	0.1	1000.0
161	0.667684090042	0.501145475372	1.0	0.501145475372	0.0	871.0	0.0	875.0	34	[60, 24, 7, 62, 64, 61, 23, 35, 44, 47, 63, 41, 32, 5, 4, 54, 59, 49, 26, 6, 67, 57, 43, 28, 29, 3, 12, 0, 33, 8, 10, 50, 58, 16]	RFE	0.1	1000.0
162	0.667684090042	0.501145475372	1.0	0.501145475372	0.0	871.0	0.0	875.0	42	[60, 40, 7, 1, 56, 62, 24, 4, 33, 43, 61, 10, 36, 0, 32, 20, 19, 13, 51, 44, 12, 54, 23, 6, 57, 64, 31, 2, 46, 26, 53, 49, 18, 35, 34, 50, 59, 11, 14, 41, 67, 39]	combined	0.1	1000.0
163	0.667684090042	0.501145475372	1.0	0.501145475372	0.0	871.0	0.0	875.0	50	[60, 40, 7, 1, 56, 62, 24, 4, 33, 43, 61, 10, 36, 0, 32, 20, 19, 13, 51, 44, 12, 54, 23, 6, 57, 64, 31, 2, 46, 26, 53, 49, 18, 35, 34, 50, 59, 11, 14, 41, 67, 39, 29, 45, 66, 58, 9, 21, 55, 16]	combined	0.1	100.0
164	0.667684090042	0.501145475372	1.0	0.501145475372	0.0	871.0	0.0	875.0	56	[60, 40, 7, 1, 56, 62, 24, 4, 33, 43, 61, 10, 36, 0, 32, 20, 19, 13, 51, 44, 12, 54, 23, 6, 57, 64, 31, 2, 46, 26, 53, 49, 18, 35, 34, 50, 59, 11, 14, 41, 67, 39, 29, 45, 66, 58, 9, 21, 55, 16, 37, 48, 28, 5, 27, 42]	combined	0.1	100.0
165	0.667684090042	0.501145475372	1.0	0.501145475372	0.0	871.0	0.0	875.0	55	[60, 40, 7, 1, 56, 62, 24, 4, 33, 43, 61, 10, 36, 0, 32, 20, 19, 13, 51, 44, 12, 54, 23, 6, 57, 64, 31, 2, 46, 26, 53, 49, 18, 35, 34, 50, 59, 11, 14, 41, 67, 39, 29, 45, 66, 58, 9, 21, 55, 16, 37, 48, 28, 5, 27]	combined	0.1	100.0
166	0.667684090042	0.501145475372	1.0	0.501145475372	0.0	871.0	0.0	875.0	54	[60, 40, 7, 1, 56, 62, 24, 4, 33, 43, 61, 10, 36, 0, 32, 20, 19, 13, 51, 44, 12, 54, 23, 6, 57, 64, 31, 2, 46, 26, 53, 49, 18, 35, 34, 50, 59, 11, 14, 41, 67, 39, 29, 45, 66, 58, 9, 21, 55, 16, 37, 48, 28, 5]	combined	0.1	1000.0
167	0.667684090042	0.501145475372	1.0	0.501145475372	0.0	871.0	0.0	875.0	53	[60, 40, 7, 1, 56, 62, 24, 4, 33, 43, 61, 10, 36, 0, 32, 20, 19, 13, 51, 44, 12, 54, 23, 6, 57, 64, 31, 2, 46, 26, 53, 49, 18, 35, 34, 50, 59, 11, 14, 41, 67, 39, 29, 45, 66, 58, 9, 21, 55, 16, 37, 48, 28]	combined	0.1	1000.0
168	0.667684090042	0.501145475372	1.0	0.501145475372	0.0	871.0	0.0	875.0	52	[60, 40, 7, 1, 56, 62, 24, 4, 33, 43, 61, 10, 36, 0, 32, 20, 19, 13, 51, 44, 12, 54, 23, 6, 57, 64, 31, 2, 46, 26, 53, 49, 18, 35, 34, 50, 59, 11, 14, 41, 67, 39, 29, 45, 66, 58, 9, 21, 55, 16, 37, 48]	combined	0.1	1000.0
169	0.667684090042	0.501145475372	1.0	0.501145475372	0.0	871.0	0.0	875.0	51	[60, 40, 7, 1, 56, 62, 24, 4, 33, 43, 61, 10, 36, 0, 32, 20, 19, 13, 51, 44, 12, 54, 23, 6, 57, 64, 31, 2, 46, 26, 53, 49, 18, 35, 34, 50, 59, 11, 14, 41, 67, 39, 29, 45, 66, 58, 9, 21, 55, 16, 37]	combined	0.1	1000.0
170	0.667684090042	0.501145475372	1.0	0.501145475372	0.0	871.0	0.0	875.0	49	[60, 40, 7, 1, 56, 62, 24, 4, 33, 43, 61, 10, 36, 0, 32, 20, 19, 13, 51, 44, 12, 54, 23, 6, 57, 64, 31, 2, 46, 26, 53, 49, 18, 35, 34, 50, 59, 11, 14, 41, 67, 39, 29, 45, 66, 58, 9, 21, 55]	combined	0.1	100.0
171	0.667684090042	0.501145475372	1.0	0.501145475372	0.0	871.0	0.0	875.0	33	[60, 24, 7, 62, 64, 61, 23, 35, 44, 47, 63, 41, 32, 5, 4, 54, 59, 49, 26, 6, 67, 57, 43, 28, 29, 3, 12, 0, 33, 8, 10, 50, 58]	RFE	0.1	1000.0
172	0.667684090042	0.501145475372	1.0	0.501145475372	0.0	871.0	0.0	875.0	48	[60, 40, 7, 1, 56, 62, 24, 4, 33, 43, 61, 10, 36, 0, 32, 20, 19, 13, 51, 44, 12, 54, 23, 6, 57, 64, 31, 2, 46, 26, 53, 49, 18, 35, 34, 50, 59, 11, 14, 41, 67, 39, 29, 45, 66, 58, 9, 21]	combined	0.1	100.0
173	0.667684090042	0.501145475372	1.0	0.501145475372	0.0	871.0	0.0	875.0	47	[60, 40, 7, 1, 56, 62, 24, 4, 33, 43, 61, 10, 36, 0, 32, 20, 19, 13, 51, 44, 12, 54, 23, 6, 57, 64, 31, 2, 46, 26, 53, 49, 18, 35, 34, 50, 59, 11, 14, 41, 67, 39, 29, 45, 66, 58, 9]	combined	0.1	1000.0
174	0.667684090042	0.501145475372	1.0	0.501145475372	0.0	871.0	0.0	875.0	46	[60, 40, 7, 1, 56, 62, 24, 4, 33, 43, 61, 10, 36, 0, 32, 20, 19, 13, 51, 44, 12, 54, 23, 6, 57, 64, 31, 2, 46, 26, 53, 49, 18, 35, 34, 50, 59, 11, 14, 41, 67, 39, 29, 45, 66, 58]	combined	0.1	1000.0
175	0.667684090042	0.501145475372	1.0	0.501145475372	0.0	871.0	0.0	875.0	45	[60, 40, 7, 1, 56, 62, 24, 4, 33, 43, 61, 10, 36, 0, 32, 20, 19, 13, 51, 44, 12, 54, 23, 6, 57, 64, 31, 2, 46, 26, 53, 49, 18, 35, 34, 50, 59, 11, 14, 41, 67, 39, 29, 45, 66]	combined	0.1	1000.0
176	0.667684090042	0.501145475372	1.0	0.501145475372	0.0	871.0	0.0	875.0	44	[60, 40, 7, 1, 56, 62, 24, 4, 33, 43, 61, 10, 36, 0, 32, 20, 19, 13, 51, 44, 12, 54, 23, 6, 57, 64, 31, 2, 46, 26, 53, 49, 18, 35, 34, 50, 59, 11, 14, 41, 67, 39, 29, 45]	combined	0.1	1000.0
177	0.667684090042	0.501145475372	1.0	0.501145475372	0.0	871.0	0.0	875.0	43	[60, 40, 7, 1, 56, 62, 24, 4, 33, 43, 61, 10, 36, 0, 32, 20, 19, 13, 51, 44, 12, 54, 23, 6, 57, 64, 31, 2, 46, 26, 53, 49, 18, 35, 34, 50, 59, 11, 14, 41, 67, 39, 29]	combined	0.1	1000.0
178	0.667684090042	0.501145475372	1.0	0.501145475372	0.0	871.0	0.0	875.0	57	[60, 40, 7, 1, 56, 62, 24, 4, 33, 43, 61, 10, 36, 0, 32, 20, 19, 13, 51, 44, 12, 54, 23, 6, 57, 64, 31, 2, 46, 26, 53, 49, 18, 35, 34, 50, 59, 11, 14, 41, 67, 39, 29, 45, 66, 58, 9, 21, 55, 16, 37, 48, 28, 5, 27, 42, 47]	combined	0.1	100.0
179	0.667684090042	0.501145475372	1.0	0.501145475372	0.0	871.0	0.0	875.0	58	[60, 40, 7, 1, 56, 62, 24, 4, 33, 43, 61, 10, 36, 0, 32, 20, 19, 13, 51, 44, 12, 54, 23, 6, 57, 64, 31, 2, 46, 26, 53, 49, 18, 35, 34, 50, 59, 11, 14, 41, 67, 39, 29, 45, 66, 58, 9, 21, 55, 16, 37, 48, 28, 5, 27, 42, 47, 8]	combined	0.1	100.0
180	0.667684090042	0.501145475372	1.0	0.501145475372	0.0	871.0	0.0	875.0	59	[60, 40, 7, 1, 56, 62, 24, 4, 33, 43, 61, 10, 36, 0, 32, 20, 19, 13, 51, 44, 12, 54, 23, 6, 57, 64, 31, 2, 46, 26, 53, 49, 18, 35, 34, 50, 59, 11, 14, 41, 67, 39, 29, 45, 66, 58, 9, 21, 55, 16, 37, 48, 28, 5, 27, 42, 47, 8, 17]	combined	0.1	100.0
181	0.667684090042	0.501145475372	1.0	0.501145475372	0.0	871.0	0.0	875.0	60	[60, 40, 7, 1, 56, 62, 24, 4, 33, 43, 61, 10, 36, 0, 32, 20, 19, 13, 51, 44, 12, 54, 23, 6, 57, 64, 31, 2, 46, 26, 53, 49, 18, 35, 34, 50, 59, 11, 14, 41, 67, 39, 29, 45, 66, 58, 9, 21, 55, 16, 37, 48, 28, 5, 27, 42, 47, 8, 17, 3]	combined	0.1	100.0
182	0.667684090042	0.501145475372	1.0	0.501145475372	0.0	871.0	0.0	875.0	61	[60, 40, 7, 1, 56, 62, 24, 4, 33, 43, 61, 10, 36, 0, 32, 20, 19, 13, 51, 44, 12, 54, 23, 6, 57, 64, 31, 2, 46, 26, 53, 49, 18, 35, 34, 50, 59, 11, 14, 41, 67, 39, 29, 45, 66, 58, 9, 21, 55, 16, 37, 48, 28, 5, 27, 42, 47, 8, 17, 3, 22]	combined	0.1	1000.0
183	0.667684090042	0.501145475372	1.0	0.501145475372	0.0	871.0	0.0	875.0	62	[60, 40, 7, 1, 56, 62, 24, 4, 33, 43, 61, 10, 36, 0, 32, 20, 19, 13, 51, 44, 12, 54, 23, 6, 57, 64, 31, 2, 46, 26, 53, 49, 18, 35, 34, 50, 59, 11, 14, 41, 67, 39, 29, 45, 66, 58, 9, 21, 55, 16, 37, 48, 28, 5, 27, 42, 47, 8, 17, 3, 22, 30]	combined	0.1	1000.0
184	0.667684090042	0.501145475372	1.0	0.501145475372	0.0	871.0	0.0	875.0	63	[60, 40, 7, 1, 56, 62, 24, 4, 33, 43, 61, 10, 36, 0, 32, 20, 19, 13, 51, 44, 12, 54, 23, 6, 57, 64, 31, 2, 46, 26, 53, 49, 18, 35, 34, 50, 59, 11, 14, 41, 67, 39, 29, 45, 66, 58, 9, 21, 55, 16, 37, 48, 28, 5, 27, 42, 47, 8, 17, 3, 22, 30, 65]	combined	0.1	1000.0
185	0.667684090042	0.501145475372	1.0	0.501145475372	0.0	871.0	0.0	875.0	64	[60, 40, 7, 1, 56, 62, 24, 4, 33, 43, 61, 10, 36, 0, 32, 20, 19, 13, 51, 44, 12, 54, 23, 6, 57, 64, 31, 2, 46, 26, 53, 49, 18, 35, 34, 50, 59, 11, 14, 41, 67, 39, 29, 45, 66, 58, 9, 21, 55, 16, 37, 48, 28, 5, 27, 42, 47, 8, 17, 3, 22, 30, 65, 63]	combined	0.1	1000.0
186	0.667684090042	0.501145475372	1.0	0.501145475372	0.0	871.0	0.0	875.0	65	[60, 40, 7, 1, 56, 62, 24, 4, 33, 43, 61, 10, 36, 0, 32, 20, 19, 13, 51, 44, 12, 54, 23, 6, 57, 64, 31, 2, 46, 26, 53, 49, 18, 35, 34, 50, 59, 11, 14, 41, 67, 39, 29, 45, 66, 58, 9, 21, 55, 16, 37, 48, 28, 5, 27, 42, 47, 8, 17, 3, 22, 30, 65, 63, 52]	combined	0.1	1000.0
187	0.667684090042	0.501145475372	1.0	0.501145475372	0.0	871.0	0.0	875.0	66	[60, 40, 7, 1, 56, 62, 24, 4, 33, 43, 61, 10, 36, 0, 32, 20, 19, 13, 51, 44, 12, 54, 23, 6, 57, 64, 31, 2, 46, 26, 53, 49, 18, 35, 34, 50, 59, 11, 14, 41, 67, 39, 29, 45, 66, 58, 9, 21, 55, 16, 37, 48, 28, 5, 27, 42, 47, 8, 17, 3, 22, 30, 65, 63, 52, 15]	combined	0.1	1000.0
188	0.667684090042	0.501145475372	1.0	0.501145475372	0.0	871.0	0.0	875.0	30	[60, 56, 40, 24, 51, 61, 7, 1, 62, 13, 36, 12, 32, 33, 4, 46, 20, 18, 6, 23, 19, 26, 43, 11, 0, 35, 59, 64, 10, 57]	mi	0.1	1000.0
189	0.667684090042	0.501145475372	1.0	0.501145475372	0.0	871.0	0.0	875.0	27	[60, 24, 7, 62, 64, 61, 23, 35, 44, 47, 63, 41, 32, 5, 4, 54, 59, 49, 26, 6, 67, 57, 43, 28, 29, 3, 12]	RFE	0.1	1000.0
190	0.667684090042	0.501145475372	1.0	0.501145475372	0.0	871.0	0.0	875.0	28	[60, 24, 7, 62, 64, 61, 23, 35, 44, 47, 63, 41, 32, 5, 4, 54, 59, 49, 26, 6, 67, 57, 43, 28, 29, 3, 12, 0]	RFE	0.1	1000.0
191	0.667684090042	0.501145475372	1.0	0.501145475372	0.0	871.0	0.0	875.0	29	[60, 24, 7, 62, 64, 61, 23, 35, 44, 47, 63, 41, 32, 5, 4, 54, 59, 49, 26, 6, 67, 57, 43, 28, 29, 3, 12, 0, 33]	RFE	0.1	1000.0
192	0.667684090042	0.501145475372	1.0	0.501145475372	0.0	871.0	0.0	875.0	30	[60, 24, 7, 62, 64, 61, 23, 35, 44, 47, 63, 41, 32, 5, 4, 54, 59, 49, 26, 6, 67, 57, 43, 28, 29, 3, 12, 0, 33, 8]	RFE	0.1	1000.0
193	0.667684090042	0.501145475372	1.0	0.501145475372	0.0	871.0	0.0	875.0	31	[60, 24, 7, 62, 64, 61, 23, 35, 44, 47, 63, 41, 32, 5, 4, 54, 59, 49, 26, 6, 67, 57, 43, 28, 29, 3, 12, 0, 33, 8, 10]	RFE	0.1	1000.0
194	0.667684090042	0.501145475372	1.0	0.501145475372	0.0	871.0	0.0	875.0	32	[60, 24, 7, 62, 64, 61, 23, 35, 44, 47, 63, 41, 32, 5, 4, 54, 59, 49, 26, 6, 67, 57, 43, 28, 29, 3, 12, 0, 33, 8, 10, 50]	RFE	0.1	1000.0
195	0.667684090042	0.501145475372	1.0	0.501145475372	0.0	871.0	0.0	875.0	31	[60, 56, 40, 24, 51, 61, 7, 1, 62, 13, 36, 12, 32, 33, 4, 46, 20, 18, 6, 23, 19, 26, 43, 11, 0, 35, 59, 64, 10, 57, 37]	mi	0.1	1000.0
196	0.667684090042	0.501145475372	1.0	0.501145475372	0.0	871.0	0.0	875.0	22	[60, 56, 40, 24, 51, 61, 7, 1, 62, 13, 36, 12, 32, 33, 4, 46, 20, 18, 6, 23, 19, 26]	mi	1.0	100.0
197	0.667684090042	0.501145475372	1.0	0.501145475372	0.0	871.0	0.0	875.0	29	[60, 56, 40, 24, 51, 61, 7, 1, 62, 13, 36, 12, 32, 33, 4, 46, 20, 18, 6, 23, 19, 26, 43, 11, 0, 35, 59, 64, 10]	mi	0.1	1000.0
198	0.667684090042	0.501145475372	1.0	0.501145475372	0.0	871.0	0.0	875.0	60	[60, 56, 40, 1, 12, 51, 62, 7, 13, 18, 19, 33, 20, 32, 10, 43, 24, 4, 41, 6, 23, 57, 48, 54, 31, 14, 44, 0, 36, 64, 26, 9, 58, 2, 39, 11, 37, 50, 52, 35, 34, 53, 49, 61, 45, 27, 29, 46, 5, 59, 28, 55, 67, 8, 66, 22, 21, 30, 42, 16]	ranksum	0.1	100.0
199	0.667684090042	0.501145475372	1.0	0.501145475372	0.0	871.0	0.0	875.0	38	[60, 56, 40, 1, 12, 51, 62, 7, 13, 18, 19, 33, 20, 32, 10, 43, 24, 4, 41, 6, 23, 57, 48, 54, 31, 14, 44, 0, 36, 64, 26, 9, 58, 2, 39, 11, 37, 50]	ranksum	0.1	1000.0
200	0.667684090042	0.501145475372	1.0	0.501145475372	0.0	871.0	0.0	875.0	37	[60, 56, 40, 1, 12, 51, 62, 7, 13, 18, 19, 33, 20, 32, 10, 43, 24, 4, 41, 6, 23, 57, 48, 54, 31, 14, 44, 0, 36, 64, 26, 9, 58, 2, 39, 11, 37]	ranksum	0.1	1000.0
201	0.667684090042	0.501145475372	1.0	0.501145475372	0.0	871.0	0.0	875.0	36	[60, 56, 40, 1, 12, 51, 62, 7, 13, 18, 19, 33, 20, 32, 10, 43, 24, 4, 41, 6, 23, 57, 48, 54, 31, 14, 44, 0, 36, 64, 26, 9, 58, 2, 39, 11]	ranksum	0.1	1000.0
202	0.667684090042	0.501145475372	1.0	0.501145475372	0.0	871.0	0.0	875.0	35	[60, 56, 40, 1, 12, 51, 62, 7, 13, 18, 19, 33, 20, 32, 10, 43, 24, 4, 41, 6, 23, 57, 48, 54, 31, 14, 44, 0, 36, 64, 26, 9, 58, 2, 39]	ranksum	1.0	100.0
203	0.667684090042	0.501145475372	1.0	0.501145475372	0.0	871.0	0.0	875.0	34	[60, 56, 40, 1, 12, 51, 62, 7, 13, 18, 19, 33, 20, 32, 10, 43, 24, 4, 41, 6, 23, 57, 48, 54, 31, 14, 44, 0, 36, 64, 26, 9, 58, 2]	ranksum	1.0	100.0
204	0.667684090042	0.501145475372	1.0	0.501145475372	0.0	871.0	0.0	875.0	33	[60, 56, 40, 1, 12, 51, 62, 7, 13, 18, 19, 33, 20, 32, 10, 43, 24, 4, 41, 6, 23, 57, 48, 54, 31, 14, 44, 0, 36, 64, 26, 9, 58]	ranksum	1.0	100.0
205	0.667684090042	0.501145475372	1.0	0.501145475372	0.0	871.0	0.0	875.0	32	[60, 56, 40, 1, 12, 51, 62, 7, 13, 18, 19, 33, 20, 32, 10, 43, 24, 4, 41, 6, 23, 57, 48, 54, 31, 14, 44, 0, 36, 64, 26, 9]	ranksum	1.0	100.0
206	0.667684090042	0.501145475372	1.0	0.501145475372	0.0	871.0	0.0	875.0	31	[60, 56, 40, 1, 12, 51, 62, 7, 13, 18, 19, 33, 20, 32, 10, 43, 24, 4, 41, 6, 23, 57, 48, 54, 31, 14, 44, 0, 36, 64, 26]	ranksum	1.0	100.0
207	0.667684090042	0.501145475372	1.0	0.501145475372	0.0	871.0	0.0	875.0	17	[60, 56, 40, 1, 12, 51, 62, 7, 13, 18, 19, 33, 20, 32, 10, 43, 24]	ranksum	10.0	100.0
208	0.667684090042	0.501145475372	1.0	0.501145475372	0.0	871.0	0.0	875.0	16	[60, 56, 40, 1, 12, 51, 62, 7, 13, 18, 19, 33, 20, 32, 10, 43]	ranksum	10.0	100.0
209	0.667684090042	0.501145475372	1.0	0.501145475372	0.0	871.0	0.0	875.0	15	[60, 56, 40, 1, 12, 51, 62, 7, 13, 18, 19, 33, 20, 32, 10]	ranksum	10.0	1000.0
210	0.667684090042	0.501145475372	1.0	0.501145475372	0.0	871.0	0.0	875.0	14	[60, 56, 40, 1, 12, 51, 62, 7, 13, 18, 19, 33, 20, 32]	ranksum	10.0	1000.0
211	0.667684090042	0.501145475372	1.0	0.501145475372	0.0	871.0	0.0	875.0	13	[60, 56, 40, 1, 12, 51, 62, 7, 13, 18, 19, 33, 20]	ranksum	10.0	1000.0
212	0.667684090042	0.501145475372	1.0	0.501145475372	0.0	871.0	0.0	875.0	12	[60, 56, 40, 1, 12, 51, 62, 7, 13, 18, 19, 33]	ranksum	10.0	1000.0
213	0.667684090042	0.501145475372	1.0	0.501145475372	0.0	871.0	0.0	875.0	11	[60, 56, 40, 1, 12, 51, 62, 7, 13, 18, 19]	ranksum	100.0	100.0
214	0.667684090042	0.501145475372	1.0	0.501145475372	0.0	871.0	0.0	875.0	10	[60, 56, 40, 1, 12, 51, 62, 7, 13, 18]	ranksum	100.0	100.0
215	0.667684090042	0.501145475372	1.0	0.501145475372	0.0	871.0	0.0	875.0	9	[60, 56, 40, 1, 12, 51, 62, 7, 13]	ranksum	100.0	100.0
216	0.667684090042	0.501145475372	1.0	0.501145475372	0.0	871.0	0.0	875.0	39	[60, 56, 40, 1, 12, 51, 62, 7, 13, 18, 19, 33, 20, 32, 10, 43, 24, 4, 41, 6, 23, 57, 48, 54, 31, 14, 44, 0, 36, 64, 26, 9, 58, 2, 39, 11, 37, 50, 52]	ranksum	0.1	1000.0
217	0.667684090042	0.501145475372	1.0	0.501145475372	0.0	871.0	0.0	875.0	40	[60, 56, 40, 1, 12, 51, 62, 7, 13, 18, 19, 33, 20, 32, 10, 43, 24, 4, 41, 6, 23, 57, 48, 54, 31, 14, 44, 0, 36, 64, 26, 9, 58, 2, 39, 11, 37, 50, 52, 35]	ranksum	1.0	10.0
218	0.667684090042	0.501145475372	1.0	0.501145475372	0.0	871.0	0.0	875.0	41	[60, 56, 40, 1, 12, 51, 62, 7, 13, 18, 19, 33, 20, 32, 10, 43, 24, 4, 41, 6, 23, 57, 48, 54, 31, 14, 44, 0, 36, 64, 26, 9, 58, 2, 39, 11, 37, 50, 52, 35, 34]	ranksum	1.0	10.0
219	0.667684090042	0.501145475372	1.0	0.501145475372	0.0	871.0	0.0	875.0	28	[60, 56, 40, 24, 51, 61, 7, 1, 62, 13, 36, 12, 32, 33, 4, 46, 20, 18, 6, 23, 19, 26, 43, 11, 0, 35, 59, 64]	mi	0.1	1000.0
220	0.667684090042	0.501145475372	1.0	0.501145475372	0.0	871.0	0.0	875.0	58	[60, 56, 40, 1, 12, 51, 62, 7, 13, 18, 19, 33, 20, 32, 10, 43, 24, 4, 41, 6, 23, 57, 48, 54, 31, 14, 44, 0, 36, 64, 26, 9, 58, 2, 39, 11, 37, 50, 52, 35, 34, 53, 49, 61, 45, 27, 29, 46, 5, 59, 28, 55, 67, 8, 66, 22, 21, 30]	ranksum	0.1	100.0
221	0.667684090042	0.501145475372	1.0	0.501145475372	0.0	871.0	0.0	875.0	57	[60, 56, 40, 1, 12, 51, 62, 7, 13, 18, 19, 33, 20, 32, 10, 43, 24, 4, 41, 6, 23, 57, 48, 54, 31, 14, 44, 0, 36, 64, 26, 9, 58, 2, 39, 11, 37, 50, 52, 35, 34, 53, 49, 61, 45, 27, 29, 46, 5, 59, 28, 55, 67, 8, 66, 22, 21]	ranksum	0.1	100.0
222	0.667684090042	0.501145475372	1.0	0.501145475372	0.0	871.0	0.0	875.0	56	[60, 56, 40, 1, 12, 51, 62, 7, 13, 18, 19, 33, 20, 32, 10, 43, 24, 4, 41, 6, 23, 57, 48, 54, 31, 14, 44, 0, 36, 64, 26, 9, 58, 2, 39, 11, 37, 50, 52, 35, 34, 53, 49, 61, 45, 27, 29, 46, 5, 59, 28, 55, 67, 8, 66, 22]	ranksum	0.1	100.0
223	0.667684090042	0.501145475372	1.0	0.501145475372	0.0	871.0	0.0	875.0	55	[60, 56, 40, 1, 12, 51, 62, 7, 13, 18, 19, 33, 20, 32, 10, 43, 24, 4, 41, 6, 23, 57, 48, 54, 31, 14, 44, 0, 36, 64, 26, 9, 58, 2, 39, 11, 37, 50, 52, 35, 34, 53, 49, 61, 45, 27, 29, 46, 5, 59, 28, 55, 67, 8, 66]	ranksum	0.1	100.0
224	0.667684090042	0.501145475372	1.0	0.501145475372	0.0	871.0	0.0	875.0	54	[60, 56, 40, 1, 12, 51, 62, 7, 13, 18, 19, 33, 20, 32, 10, 43, 24, 4, 41, 6, 23, 57, 48, 54, 31, 14, 44, 0, 36, 64, 26, 9, 58, 2, 39, 11, 37, 50, 52, 35, 34, 53, 49, 61, 45, 27, 29, 46, 5, 59, 28, 55, 67, 8]	ranksum	0.1	1000.0
225	0.667684090042	0.501145475372	1.0	0.501145475372	0.0	871.0	0.0	875.0	53	[60, 56, 40, 1, 12, 51, 62, 7, 13, 18, 19, 33, 20, 32, 10, 43, 24, 4, 41, 6, 23, 57, 48, 54, 31, 14, 44, 0, 36, 64, 26, 9, 58, 2, 39, 11, 37, 50, 52, 35, 34, 53, 49, 61, 45, 27, 29, 46, 5, 59, 28, 55, 67]	ranksum	0.1	1000.0
226	0.667684090042	0.501145475372	1.0	0.501145475372	0.0	871.0	0.0	875.0	52	[60, 56, 40, 1, 12, 51, 62, 7, 13, 18, 19, 33, 20, 32, 10, 43, 24, 4, 41, 6, 23, 57, 48, 54, 31, 14, 44, 0, 36, 64, 26, 9, 58, 2, 39, 11, 37, 50, 52, 35, 34, 53, 49, 61, 45, 27, 29, 46, 5, 59, 28, 55]	ranksum	0.1	1000.0
227	0.667684090042	0.501145475372	1.0	0.501145475372	0.0	871.0	0.0	875.0	50	[60, 56, 40, 1, 12, 51, 62, 7, 13, 18, 19, 33, 20, 32, 10, 43, 24, 4, 41, 6, 23, 57, 48, 54, 31, 14, 44, 0, 36, 64, 26, 9, 58, 2, 39, 11, 37, 50, 52, 35, 34, 53, 49, 61, 45, 27, 29, 46, 5, 59]	ranksum	0.1	1000.0
228	0.667684090042	0.501145475372	1.0	0.501145475372	0.0	871.0	0.0	875.0	42	[60, 56, 40, 1, 12, 51, 62, 7, 13, 18, 19, 33, 20, 32, 10, 43, 24, 4, 41, 6, 23, 57, 48, 54, 31, 14, 44, 0, 36, 64, 26, 9, 58, 2, 39, 11, 37, 50, 52, 35, 34, 53]	ranksum	0.1	1000.0
229	0.667684090042	0.501145475372	1.0	0.501145475372	0.0	871.0	0.0	875.0	49	[60, 56, 40, 1, 12, 51, 62, 7, 13, 18, 19, 33, 20, 32, 10, 43, 24, 4, 41, 6, 23, 57, 48, 54, 31, 14, 44, 0, 36, 64, 26, 9, 58, 2, 39, 11, 37, 50, 52, 35, 34, 53, 49, 61, 45, 27, 29, 46, 5]	ranksum	0.1	1000.0
230	0.667684090042	0.501145475372	1.0	0.501145475372	0.0	871.0	0.0	875.0	48	[60, 56, 40, 1, 12, 51, 62, 7, 13, 18, 19, 33, 20, 32, 10, 43, 24, 4, 41, 6, 23, 57, 48, 54, 31, 14, 44, 0, 36, 64, 26, 9, 58, 2, 39, 11, 37, 50, 52, 35, 34, 53, 49, 61, 45, 27, 29, 46]	ranksum	1.0	10.0
231	0.667684090042	0.501145475372	1.0	0.501145475372	0.0	871.0	0.0	875.0	47	[60, 56, 40, 1, 12, 51, 62, 7, 13, 18, 19, 33, 20, 32, 10, 43, 24, 4, 41, 6, 23, 57, 48, 54, 31, 14, 44, 0, 36, 64, 26, 9, 58, 2, 39, 11, 37, 50, 52, 35, 34, 53, 49, 61, 45, 27, 29]	ranksum	1.0	10.0
232	0.667684090042	0.501145475372	1.0	0.501145475372	0.0	871.0	0.0	875.0	46	[60, 56, 40, 1, 12, 51, 62, 7, 13, 18, 19, 33, 20, 32, 10, 43, 24, 4, 41, 6, 23, 57, 48, 54, 31, 14, 44, 0, 36, 64, 26, 9, 58, 2, 39, 11, 37, 50, 52, 35, 34, 53, 49, 61, 45, 27]	ranksum	1.0	10.0
233	0.667684090042	0.501145475372	1.0	0.501145475372	0.0	871.0	0.0	875.0	45	[60, 56, 40, 1, 12, 51, 62, 7, 13, 18, 19, 33, 20, 32, 10, 43, 24, 4, 41, 6, 23, 57, 48, 54, 31, 14, 44, 0, 36, 64, 26, 9, 58, 2, 39, 11, 37, 50, 52, 35, 34, 53, 49, 61, 45]	ranksum	1.0	10.0
234	0.667684090042	0.501145475372	1.0	0.501145475372	0.0	871.0	0.0	875.0	44	[60, 56, 40, 1, 12, 51, 62, 7, 13, 18, 19, 33, 20, 32, 10, 43, 24, 4, 41, 6, 23, 57, 48, 54, 31, 14, 44, 0, 36, 64, 26, 9, 58, 2, 39, 11, 37, 50, 52, 35, 34, 53, 49, 61]	ranksum	1.0	10.0
235	0.667684090042	0.501145475372	1.0	0.501145475372	0.0	871.0	0.0	875.0	43	[60, 56, 40, 1, 12, 51, 62, 7, 13, 18, 19, 33, 20, 32, 10, 43, 24, 4, 41, 6, 23, 57, 48, 54, 31, 14, 44, 0, 36, 64, 26, 9, 58, 2, 39, 11, 37, 50, 52, 35, 34, 53, 49]	ranksum	0.1	1000.0
236	0.667684090042	0.501145475372	1.0	0.501145475372	0.0	871.0	0.0	875.0	8	[60, 56, 40, 1, 12, 51, 62, 7]	ranksum	100.0	1000.0
237	0.667684090042	0.501145475372	1.0	0.501145475372	0.0	871.0	0.0	875.0	7	[60, 56, 40, 1, 12, 51, 62]	ranksum	1000.0	10.0
238	0.667684090042	0.501145475372	1.0	0.501145475372	0.0	871.0	0.0	875.0	6	[60, 56, 40, 1, 12, 51]	ranksum	1000.0	100.0
239	0.667684090042	0.501145475372	1.0	0.501145475372	0.0	871.0	0.0	875.0	40	[60, 4, 61, 24, 0, 62, 33, 7, 6, 32, 53, 23, 44, 49, 64, 54, 31, 35, 67, 59, 1, 26, 29, 66, 40, 2, 43, 10, 11, 28, 47, 5, 36, 13, 56, 27, 21, 63, 65, 58]	f-test	0.1	100.0
240	0.667684090042	0.501145475372	1.0	0.501145475372	0.0	871.0	0.0	875.0	47	[60, 4, 61, 24, 0, 62, 33, 7, 6, 32, 53, 23, 44, 49, 64, 54, 31, 35, 67, 59, 1, 26, 29, 66, 40, 2, 43, 10, 11, 28, 47, 5, 36, 13, 56, 27, 21, 63, 65, 58, 16, 14, 45, 3, 22, 30, 20]	f-test	0.1	100.0
241	0.667684090042	0.501145475372	1.0	0.501145475372	0.0	871.0	0.0	875.0	46	[60, 4, 61, 24, 0, 62, 33, 7, 6, 32, 53, 23, 44, 49, 64, 54, 31, 35, 67, 59, 1, 26, 29, 66, 40, 2, 43, 10, 11, 28, 47, 5, 36, 13, 56, 27, 21, 63, 65, 58, 16, 14, 45, 3, 22, 30]	f-test	0.1	100.0
242	0.667684090042	0.501145475372	1.0	0.501145475372	0.0	871.0	0.0	875.0	45	[60, 4, 61, 24, 0, 62, 33, 7, 6, 32, 53, 23, 44, 49, 64, 54, 31, 35, 67, 59, 1, 26, 29, 66, 40, 2, 43, 10, 11, 28, 47, 5, 36, 13, 56, 27, 21, 63, 65, 58, 16, 14, 45, 3, 22]	f-test	0.1	1000.0
243	0.667684090042	0.501145475372	1.0	0.501145475372	0.0	871.0	0.0	875.0	44	[60, 4, 61, 24, 0, 62, 33, 7, 6, 32, 53, 23, 44, 49, 64, 54, 31, 35, 67, 59, 1, 26, 29, 66, 40, 2, 43, 10, 11, 28, 47, 5, 36, 13, 56, 27, 21, 63, 65, 58, 16, 14, 45, 3]	f-test	0.1	1000.0
244	0.667684090042	0.501145475372	1.0	0.501145475372	0.0	871.0	0.0	875.0	43	[60, 4, 61, 24, 0, 62, 33, 7, 6, 32, 53, 23, 44, 49, 64, 54, 31, 35, 67, 59, 1, 26, 29, 66, 40, 2, 43, 10, 11, 28, 47, 5, 36, 13, 56, 27, 21, 63, 65, 58, 16, 14, 45]	f-test	0.1	1000.0
245	0.667684090042	0.501145475372	1.0	0.501145475372	0.0	871.0	0.0	875.0	42	[60, 4, 61, 24, 0, 62, 33, 7, 6, 32, 53, 23, 44, 49, 64, 54, 31, 35, 67, 59, 1, 26, 29, 66, 40, 2, 43, 10, 11, 28, 47, 5, 36, 13, 56, 27, 21, 63, 65, 58, 16, 14]	f-test	0.1	1000.0
246	0.667684090042	0.501145475372	1.0	0.501145475372	0.0	871.0	0.0	875.0	41	[60, 4, 61, 24, 0, 62, 33, 7, 6, 32, 53, 23, 44, 49, 64, 54, 31, 35, 67, 59, 1, 26, 29, 66, 40, 2, 43, 10, 11, 28, 47, 5, 36, 13, 56, 27, 21, 63, 65, 58, 16]	f-test	0.1	1000.0
247	0.667684090042	0.501145475372	1.0	0.501145475372	0.0	871.0	0.0	875.0	39	[60, 4, 61, 24, 0, 62, 33, 7, 6, 32, 53, 23, 44, 49, 64, 54, 31, 35, 67, 59, 1, 26, 29, 66, 40, 2, 43, 10, 11, 28, 47, 5, 36, 13, 56, 27, 21, 63, 65]	f-test	0.1	1000.0
248	0.667684090042	0.501145475372	1.0	0.501145475372	0.0	871.0	0.0	875.0	49	[60, 4, 61, 24, 0, 62, 33, 7, 6, 32, 53, 23, 44, 49, 64, 54, 31, 35, 67, 59, 1, 26, 29, 66, 40, 2, 43, 10, 11, 28, 47, 5, 36, 13, 56, 27, 21, 63, 65, 58, 16, 14, 45, 3, 22, 30, 20, 57, 19]	f-test	0.1	100.0
249	0.667684090042	0.501145475372	1.0	0.501145475372	0.0	871.0	0.0	875.0	38	[60, 4, 61, 24, 0, 62, 33, 7, 6, 32, 53, 23, 44, 49, 64, 54, 31, 35, 67, 59, 1, 26, 29, 66, 40, 2, 43, 10, 11, 28, 47, 5, 36, 13, 56, 27, 21, 63]	f-test	0.1	1000.0
250	0.667684090042	0.501145475372	1.0	0.501145475372	0.0	871.0	0.0	875.0	37	[60, 4, 61, 24, 0, 62, 33, 7, 6, 32, 53, 23, 44, 49, 64, 54, 31, 35, 67, 59, 1, 26, 29, 66, 40, 2, 43, 10, 11, 28, 47, 5, 36, 13, 56, 27, 21]	f-test	0.1	1000.0
251	0.667684090042	0.501145475372	1.0	0.501145475372	0.0	871.0	0.0	875.0	36	[60, 4, 61, 24, 0, 62, 33, 7, 6, 32, 53, 23, 44, 49, 64, 54, 31, 35, 67, 59, 1, 26, 29, 66, 40, 2, 43, 10, 11, 28, 47, 5, 36, 13, 56, 27]	f-test	0.1	1000.0
252	0.667684090042	0.501145475372	1.0	0.501145475372	0.0	871.0	0.0	875.0	35	[60, 4, 61, 24, 0, 62, 33, 7, 6, 32, 53, 23, 44, 49, 64, 54, 31, 35, 67, 59, 1, 26, 29, 66, 40, 2, 43, 10, 11, 28, 47, 5, 36, 13, 56]	f-test	0.1	1000.0
253	0.667684090042	0.501145475372	1.0	0.501145475372	0.0	871.0	0.0	875.0	34	[60, 4, 61, 24, 0, 62, 33, 7, 6, 32, 53, 23, 44, 49, 64, 54, 31, 35, 67, 59, 1, 26, 29, 66, 40, 2, 43, 10, 11, 28, 47, 5, 36, 13]	f-test	0.1	1000.0
254	0.667684090042	0.501145475372	1.0	0.501145475372	0.0	871.0	0.0	875.0	31	[60, 4, 61, 24, 0, 62, 33, 7, 6, 32, 53, 23, 44, 49, 64, 54, 31, 35, 67, 59, 1, 26, 29, 66, 40, 2, 43, 10, 11, 28, 47]	f-test	0.1	1000.0
255	0.667684090042	0.501145475372	1.0	0.501145475372	0.0	871.0	0.0	875.0	29	[60, 4, 61, 24, 0, 62, 33, 7, 6, 32, 53, 23, 44, 49, 64, 54, 31, 35, 67, 59, 1, 26, 29, 66, 40, 2, 43, 10, 11]	f-test	0.1	1000.0
256	0.667684090042	0.501145475372	1.0	0.501145475372	0.0	871.0	0.0	875.0	48	[60, 4, 61, 24, 0, 62, 33, 7, 6, 32, 53, 23, 44, 49, 64, 54, 31, 35, 67, 59, 1, 26, 29, 66, 40, 2, 43, 10, 11, 28, 47, 5, 36, 13, 56, 27, 21, 63, 65, 58, 16, 14, 45, 3, 22, 30, 20, 57]	f-test	0.1	1000.0
257	0.667684090042	0.501145475372	1.0	0.501145475372	0.0	871.0	0.0	875.0	50	[60, 4, 61, 24, 0, 62, 33, 7, 6, 32, 53, 23, 44, 49, 64, 54, 31, 35, 67, 59, 1, 26, 29, 66, 40, 2, 43, 10, 11, 28, 47, 5, 36, 13, 56, 27, 21, 63, 65, 58, 16, 14, 45, 3, 22, 30, 20, 57, 19, 42]	f-test	0.1	1000.0
258	0.667684090042	0.501145475372	1.0	0.501145475372	0.0	871.0	0.0	875.0	5	[60, 56, 40, 1, 12]	ranksum	1000.0	1000.0
259	0.667684090042	0.501145475372	1.0	0.501145475372	0.0	871.0	0.0	875.0	60	[60, 4, 61, 24, 0, 62, 33, 7, 6, 32, 53, 23, 44, 49, 64, 54, 31, 35, 67, 59, 1, 26, 29, 66, 40, 2, 43, 10, 11, 28, 47, 5, 36, 13, 56, 27, 21, 63, 65, 58, 16, 14, 45, 3, 22, 30, 20, 57, 19, 42, 46, 17, 50, 55, 8, 12, 51, 39, 9, 34]	f-test	0.1	1000.0
260	0.667684090042	0.501145475372	1.0	0.501145475372	0.0	871.0	0.0	875.0	67	[60, 4, 61, 24, 0, 62, 33, 7, 6, 32, 53, 23, 44, 49, 64, 54, 31, 35, 67, 59, 1, 26, 29, 66, 40, 2, 43, 10, 11, 28, 47, 5, 36, 13, 56, 27, 21, 63, 65, 58, 16, 14, 45, 3, 22, 30, 20, 57, 19, 42, 46, 17, 50, 55, 8, 12, 51, 39, 9, 34, 38, 15, 41, 37, 18, 48, 52]	f-test	0.1	1000.0
261	0.667684090042	0.501145475372	1.0	0.501145475372	0.0	871.0	0.0	875.0	66	[60, 4, 61, 24, 0, 62, 33, 7, 6, 32, 53, 23, 44, 49, 64, 54, 31, 35, 67, 59, 1, 26, 29, 66, 40, 2, 43, 10, 11, 28, 47, 5, 36, 13, 56, 27, 21, 63, 65, 58, 16, 14, 45, 3, 22, 30, 20, 57, 19, 42, 46, 17, 50, 55, 8, 12, 51, 39, 9, 34, 38, 15, 41, 37, 18, 48]	f-test	0.1	1000.0
262	0.667684090042	0.501145475372	1.0	0.501145475372	0.0	871.0	0.0	875.0	65	[60, 4, 61, 24, 0, 62, 33, 7, 6, 32, 53, 23, 44, 49, 64, 54, 31, 35, 67, 59, 1, 26, 29, 66, 40, 2, 43, 10, 11, 28, 47, 5, 36, 13, 56, 27, 21, 63, 65, 58, 16, 14, 45, 3, 22, 30, 20, 57, 19, 42, 46, 17, 50, 55, 8, 12, 51, 39, 9, 34, 38, 15, 41, 37, 18]	f-test	0.1	1000.0
263	0.667684090042	0.501145475372	1.0	0.501145475372	0.0	871.0	0.0	875.0	64	[60, 4, 61, 24, 0, 62, 33, 7, 6, 32, 53, 23, 44, 49, 64, 54, 31, 35, 67, 59, 1, 26, 29, 66, 40, 2, 43, 10, 11, 28, 47, 5, 36, 13, 56, 27, 21, 63, 65, 58, 16, 14, 45, 3, 22, 30, 20, 57, 19, 42, 46, 17, 50, 55, 8, 12, 51, 39, 9, 34, 38, 15, 41, 37]	f-test	0.1	1000.0
264	0.667684090042	0.501145475372	1.0	0.501145475372	0.0	871.0	0.0	875.0	63	[60, 4, 61, 24, 0, 62, 33, 7, 6, 32, 53, 23, 44, 49, 64, 54, 31, 35, 67, 59, 1, 26, 29, 66, 40, 2, 43, 10, 11, 28, 47, 5, 36, 13, 56, 27, 21, 63, 65, 58, 16, 14, 45, 3, 22, 30, 20, 57, 19, 42, 46, 17, 50, 55, 8, 12, 51, 39, 9, 34, 38, 15, 41]	f-test	0.1	1000.0
265	0.667684090042	0.501145475372	1.0	0.501145475372	0.0	871.0	0.0	875.0	62	[60, 4, 61, 24, 0, 62, 33, 7, 6, 32, 53, 23, 44, 49, 64, 54, 31, 35, 67, 59, 1, 26, 29, 66, 40, 2, 43, 10, 11, 28, 47, 5, 36, 13, 56, 27, 21, 63, 65, 58, 16, 14, 45, 3, 22, 30, 20, 57, 19, 42, 46, 17, 50, 55, 8, 12, 51, 39, 9, 34, 38, 15]	f-test	0.1	1000.0
266	0.667684090042	0.501145475372	1.0	0.501145475372	0.0	871.0	0.0	875.0	61	[60, 4, 61, 24, 0, 62, 33, 7, 6, 32, 53, 23, 44, 49, 64, 54, 31, 35, 67, 59, 1, 26, 29, 66, 40, 2, 43, 10, 11, 28, 47, 5, 36, 13, 56, 27, 21, 63, 65, 58, 16, 14, 45, 3, 22, 30, 20, 57, 19, 42, 46, 17, 50, 55, 8, 12, 51, 39, 9, 34, 38]	f-test	0.1	1000.0
267	0.667684090042	0.501145475372	1.0	0.501145475372	0.0	871.0	0.0	875.0	59	[60, 4, 61, 24, 0, 62, 33, 7, 6, 32, 53, 23, 44, 49, 64, 54, 31, 35, 67, 59, 1, 26, 29, 66, 40, 2, 43, 10, 11, 28, 47, 5, 36, 13, 56, 27, 21, 63, 65, 58, 16, 14, 45, 3, 22, 30, 20, 57, 19, 42, 46, 17, 50, 55, 8, 12, 51, 39, 9]	f-test	0.1	1000.0
268	0.667684090042	0.501145475372	1.0	0.501145475372	0.0	871.0	0.0	875.0	51	[60, 4, 61, 24, 0, 62, 33, 7, 6, 32, 53, 23, 44, 49, 64, 54, 31, 35, 67, 59, 1, 26, 29, 66, 40, 2, 43, 10, 11, 28, 47, 5, 36, 13, 56, 27, 21, 63, 65, 58, 16, 14, 45, 3, 22, 30, 20, 57, 19, 42, 46]	f-test	0.1	1000.0
269	0.667684090042	0.501145475372	1.0	0.501145475372	0.0	871.0	0.0	875.0	58	[60, 4, 61, 24, 0, 62, 33, 7, 6, 32, 53, 23, 44, 49, 64, 54, 31, 35, 67, 59, 1, 26, 29, 66, 40, 2, 43, 10, 11, 28, 47, 5, 36, 13, 56, 27, 21, 63, 65, 58, 16, 14, 45, 3, 22, 30, 20, 57, 19, 42, 46, 17, 50, 55, 8, 12, 51, 39]	f-test	0.1	1000.0
270	0.667684090042	0.501145475372	1.0	0.501145475372	0.0	871.0	0.0	875.0	57	[60, 4, 61, 24, 0, 62, 33, 7, 6, 32, 53, 23, 44, 49, 64, 54, 31, 35, 67, 59, 1, 26, 29, 66, 40, 2, 43, 10, 11, 28, 47, 5, 36, 13, 56, 27, 21, 63, 65, 58, 16, 14, 45, 3, 22, 30, 20, 57, 19, 42, 46, 17, 50, 55, 8, 12, 51]	f-test	0.1	1000.0
271	0.667684090042	0.501145475372	1.0	0.501145475372	0.0	871.0	0.0	875.0	56	[60, 4, 61, 24, 0, 62, 33, 7, 6, 32, 53, 23, 44, 49, 64, 54, 31, 35, 67, 59, 1, 26, 29, 66, 40, 2, 43, 10, 11, 28, 47, 5, 36, 13, 56, 27, 21, 63, 65, 58, 16, 14, 45, 3, 22, 30, 20, 57, 19, 42, 46, 17, 50, 55, 8, 12]	f-test	0.1	1000.0
272	0.667684090042	0.501145475372	1.0	0.501145475372	0.0	871.0	0.0	875.0	55	[60, 4, 61, 24, 0, 62, 33, 7, 6, 32, 53, 23, 44, 49, 64, 54, 31, 35, 67, 59, 1, 26, 29, 66, 40, 2, 43, 10, 11, 28, 47, 5, 36, 13, 56, 27, 21, 63, 65, 58, 16, 14, 45, 3, 22, 30, 20, 57, 19, 42, 46, 17, 50, 55, 8]	f-test	0.1	100.0
273	0.667684090042	0.501145475372	1.0	0.501145475372	0.0	871.0	0.0	875.0	54	[60, 4, 61, 24, 0, 62, 33, 7, 6, 32, 53, 23, 44, 49, 64, 54, 31, 35, 67, 59, 1, 26, 29, 66, 40, 2, 43, 10, 11, 28, 47, 5, 36, 13, 56, 27, 21, 63, 65, 58, 16, 14, 45, 3, 22, 30, 20, 57, 19, 42, 46, 17, 50, 55]	f-test	0.1	1000.0
274	0.667684090042	0.501145475372	1.0	0.501145475372	0.0	871.0	0.0	875.0	53	[60, 4, 61, 24, 0, 62, 33, 7, 6, 32, 53, 23, 44, 49, 64, 54, 31, 35, 67, 59, 1, 26, 29, 66, 40, 2, 43, 10, 11, 28, 47, 5, 36, 13, 56, 27, 21, 63, 65, 58, 16, 14, 45, 3, 22, 30, 20, 57, 19, 42, 46, 17, 50]	f-test	0.1	1000.0
275	0.667684090042	0.501145475372	1.0	0.501145475372	0.0	871.0	0.0	875.0	52	[60, 4, 61, 24, 0, 62, 33, 7, 6, 32, 53, 23, 44, 49, 64, 54, 31, 35, 67, 59, 1, 26, 29, 66, 40, 2, 43, 10, 11, 28, 47, 5, 36, 13, 56, 27, 21, 63, 65, 58, 16, 14, 45, 3, 22, 30, 20, 57, 19, 42, 46, 17]	f-test	0.1	1000.0
276	0.667684090042	0.501145475372	1.0	0.501145475372	0.0	871.0	0.0	875.0	59	[60, 56, 40, 1, 12, 51, 62, 7, 13, 18, 19, 33, 20, 32, 10, 43, 24, 4, 41, 6, 23, 57, 48, 54, 31, 14, 44, 0, 36, 64, 26, 9, 58, 2, 39, 11, 37, 50, 52, 35, 34, 53, 49, 61, 45, 27, 29, 46, 5, 59, 28, 55, 67, 8, 66, 22, 21, 30, 42]	ranksum	0.1	100.0
277	0.667684090042	0.501145475372	1.0	0.501145475372	0.0	871.0	0.0	875.0	51	[60, 56, 40, 1, 12, 51, 62, 7, 13, 18, 19, 33, 20, 32, 10, 43, 24, 4, 41, 6, 23, 57, 48, 54, 31, 14, 44, 0, 36, 64, 26, 9, 58, 2, 39, 11, 37, 50, 52, 35, 34, 53, 49, 61, 45, 27, 29, 46, 5, 59, 28]	ranksum	0.1	1000.0
278	0.667684090042	0.501145475372	1.0	0.501145475372	0.0	871.0	0.0	875.0	61	[60, 56, 40, 1, 12, 51, 62, 7, 13, 18, 19, 33, 20, 32, 10, 43, 24, 4, 41, 6, 23, 57, 48, 54, 31, 14, 44, 0, 36, 64, 26, 9, 58, 2, 39, 11, 37, 50, 52, 35, 34, 53, 49, 61, 45, 27, 29, 46, 5, 59, 28, 55, 67, 8, 66, 22, 21, 30, 42, 16, 63]	ranksum	0.1	1000.0
279	0.667684090042	0.501145475372	1.0	0.501145475372	0.0	871.0	0.0	875.0	27	[40, 34, 10, 43, 36, 56, 1, 21, 16, 7, 46, 20, 45, 19, 55, 42, 57, 50, 39, 17, 44, 61, 0, 60, 9, 54, 3]	chi2	10.0	1000.0
280	0.667684090042	0.501145475372	1.0	0.501145475372	0.0	871.0	0.0	875.0	64	[40, 34, 10, 43, 36, 56, 1, 21, 16, 7, 46, 20, 45, 19, 55, 42, 57, 50, 39, 17, 44, 61, 0, 60, 9, 54, 3, 2, 12, 4, 53, 51, 33, 67, 49, 8, 66, 24, 47, 62, 41, 29, 18, 13, 32, 64, 37, 31, 5, 28, 26, 23, 14, 65, 59, 27, 48, 35, 38, 30, 63, 6, 58, 11]	chi2	0.1	100.0
281	0.667684090042	0.501145475372	1.0	0.501145475372	0.0	871.0	0.0	875.0	63	[40, 34, 10, 43, 36, 56, 1, 21, 16, 7, 46, 20, 45, 19, 55, 42, 57, 50, 39, 17, 44, 61, 0, 60, 9, 54, 3, 2, 12, 4, 53, 51, 33, 67, 49, 8, 66, 24, 47, 62, 41, 29, 18, 13, 32, 64, 37, 31, 5, 28, 26, 23, 14, 65, 59, 27, 48, 35, 38, 30, 63, 6, 58]	chi2	0.1	1000.0
282	0.667684090042	0.501145475372	1.0	0.501145475372	0.0	871.0	0.0	875.0	62	[40, 34, 10, 43, 36, 56, 1, 21, 16, 7, 46, 20, 45, 19, 55, 42, 57, 50, 39, 17, 44, 61, 0, 60, 9, 54, 3, 2, 12, 4, 53, 51, 33, 67, 49, 8, 66, 24, 47, 62, 41, 29, 18, 13, 32, 64, 37, 31, 5, 28, 26, 23, 14, 65, 59, 27, 48, 35, 38, 30, 63, 6]	chi2	0.1	1000.0
283	0.667684090042	0.501145475372	1.0	0.501145475372	0.0	871.0	0.0	875.0	61	[40, 34, 10, 43, 36, 56, 1, 21, 16, 7, 46, 20, 45, 19, 55, 42, 57, 50, 39, 17, 44, 61, 0, 60, 9, 54, 3, 2, 12, 4, 53, 51, 33, 67, 49, 8, 66, 24, 47, 62, 41, 29, 18, 13, 32, 64, 37, 31, 5, 28, 26, 23, 14, 65, 59, 27, 48, 35, 38, 30, 63]	chi2	0.1	100.0
284	0.667684090042	0.501145475372	1.0	0.501145475372	0.0	871.0	0.0	875.0	60	[40, 34, 10, 43, 36, 56, 1, 21, 16, 7, 46, 20, 45, 19, 55, 42, 57, 50, 39, 17, 44, 61, 0, 60, 9, 54, 3, 2, 12, 4, 53, 51, 33, 67, 49, 8, 66, 24, 47, 62, 41, 29, 18, 13, 32, 64, 37, 31, 5, 28, 26, 23, 14, 65, 59, 27, 48, 35, 38, 30]	chi2	0.1	1000.0
285	0.667684090042	0.501145475372	1.0	0.501145475372	0.0	871.0	0.0	875.0	59	[40, 34, 10, 43, 36, 56, 1, 21, 16, 7, 46, 20, 45, 19, 55, 42, 57, 50, 39, 17, 44, 61, 0, 60, 9, 54, 3, 2, 12, 4, 53, 51, 33, 67, 49, 8, 66, 24, 47, 62, 41, 29, 18, 13, 32, 64, 37, 31, 5, 28, 26, 23, 14, 65, 59, 27, 48, 35, 38]	chi2	0.1	1000.0
286	0.667684090042	0.501145475372	1.0	0.501145475372	0.0	871.0	0.0	875.0	58	[40, 34, 10, 43, 36, 56, 1, 21, 16, 7, 46, 20, 45, 19, 55, 42, 57, 50, 39, 17, 44, 61, 0, 60, 9, 54, 3, 2, 12, 4, 53, 51, 33, 67, 49, 8, 66, 24, 47, 62, 41, 29, 18, 13, 32, 64, 37, 31, 5, 28, 26, 23, 14, 65, 59, 27, 48, 35]	chi2	0.1	1000.0
287	0.667684090042	0.501145475372	1.0	0.501145475372	0.0	871.0	0.0	875.0	57	[40, 34, 10, 43, 36, 56, 1, 21, 16, 7, 46, 20, 45, 19, 55, 42, 57, 50, 39, 17, 44, 61, 0, 60, 9, 54, 3, 2, 12, 4, 53, 51, 33, 67, 49, 8, 66, 24, 47, 62, 41, 29, 18, 13, 32, 64, 37, 31, 5, 28, 26, 23, 14, 65, 59, 27, 48]	chi2	0.01	1000.0
288	0.667684090042	0.501145475372	1.0	0.501145475372	0.0	871.0	0.0	875.0	56	[40, 34, 10, 43, 36, 56, 1, 21, 16, 7, 46, 20, 45, 19, 55, 42, 57, 50, 39, 17, 44, 61, 0, 60, 9, 54, 3, 2, 12, 4, 53, 51, 33, 67, 49, 8, 66, 24, 47, 62, 41, 29, 18, 13, 32, 64, 37, 31, 5, 28, 26, 23, 14, 65, 59, 27]	chi2	0.1	100.0
289	0.667684090042	0.501145475372	1.0	0.501145475372	0.0	871.0	0.0	875.0	55	[40, 34, 10, 43, 36, 56, 1, 21, 16, 7, 46, 20, 45, 19, 55, 42, 57, 50, 39, 17, 44, 61, 0, 60, 9, 54, 3, 2, 12, 4, 53, 51, 33, 67, 49, 8, 66, 24, 47, 62, 41, 29, 18, 13, 32, 64, 37, 31, 5, 28, 26, 23, 14, 65, 59]	chi2	0.01	1000.0
290	0.667684090042	0.501145475372	1.0	0.501145475372	0.0	871.0	0.0	875.0	33	[40, 34, 10, 43, 36, 56, 1, 21, 16, 7, 46, 20, 45, 19, 55, 42, 57, 50, 39, 17, 44, 61, 0, 60, 9, 54, 3, 2, 12, 4, 53, 51, 33]	chi2	10.0	10.0
291	0.667684090042	0.501145475372	1.0	0.501145475372	0.0	871.0	0.0	875.0	32	[40, 34, 10, 43, 36, 56, 1, 21, 16, 7, 46, 20, 45, 19, 55, 42, 57, 50, 39, 17, 44, 61, 0, 60, 9, 54, 3, 2, 12, 4, 53, 51]	chi2	10.0	1000.0
292	0.667684090042	0.501145475372	1.0	0.501145475372	0.0	871.0	0.0	875.0	62	[60, 56, 40, 1, 12, 51, 62, 7, 13, 18, 19, 33, 20, 32, 10, 43, 24, 4, 41, 6, 23, 57, 48, 54, 31, 14, 44, 0, 36, 64, 26, 9, 58, 2, 39, 11, 37, 50, 52, 35, 34, 53, 49, 61, 45, 27, 29, 46, 5, 59, 28, 55, 67, 8, 66, 22, 21, 30, 42, 16, 63, 17]	ranksum	0.1	1000.0
293	0.667684090042	0.501145475372	1.0	0.501145475372	0.0	871.0	0.0	875.0	30	[40, 34, 10, 43, 36, 56, 1, 21, 16, 7, 46, 20, 45, 19, 55, 42, 57, 50, 39, 17, 44, 61, 0, 60, 9, 54, 3, 2, 12, 4]	chi2	10.0	100.0
294	0.667684090042	0.501145475372	1.0	0.501145475372	0.0	871.0	0.0	875.0	29	[40, 34, 10, 43, 36, 56, 1, 21, 16, 7, 46, 20, 45, 19, 55, 42, 57, 50, 39, 17, 44, 61, 0, 60, 9, 54, 3, 2, 12]	chi2	10.0	1000.0
295	0.667684090042	0.501145475372	1.0	0.501145475372	0.0	871.0	0.0	875.0	65	[40, 34, 10, 43, 36, 56, 1, 21, 16, 7, 46, 20, 45, 19, 55, 42, 57, 50, 39, 17, 44, 61, 0, 60, 9, 54, 3, 2, 12, 4, 53, 51, 33, 67, 49, 8, 66, 24, 47, 62, 41, 29, 18, 13, 32, 64, 37, 31, 5, 28, 26, 23, 14, 65, 59, 27, 48, 35, 38, 30, 63, 6, 58, 11, 15]	chi2	0.1	100.0
296	0.667684090042	0.501145475372	1.0	0.501145475372	0.0	871.0	0.0	875.0	66	[40, 34, 10, 43, 36, 56, 1, 21, 16, 7, 46, 20, 45, 19, 55, 42, 57, 50, 39, 17, 44, 61, 0, 60, 9, 54, 3, 2, 12, 4, 53, 51, 33, 67, 49, 8, 66, 24, 47, 62, 41, 29, 18, 13, 32, 64, 37, 31, 5, 28, 26, 23, 14, 65, 59, 27, 48, 35, 38, 30, 63, 6, 58, 11, 15, 52]	chi2	0.1	100.0
297	0.667684090042	0.501145475372	1.0	0.501145475372	0.0	871.0	0.0	875.0	67	[40, 34, 10, 43, 36, 56, 1, 21, 16, 7, 46, 20, 45, 19, 55, 42, 57, 50, 39, 17, 44, 61, 0, 60, 9, 54, 3, 2, 12, 4, 53, 51, 33, 67, 49, 8, 66, 24, 47, 62, 41, 29, 18, 13, 32, 64, 37, 31, 5, 28, 26, 23, 14, 65, 59, 27, 48, 35, 38, 30, 63, 6, 58, 11, 15, 52, 22]	chi2	0.1	1000.0
298	0.667684090042	0.501145475372	1.0	0.501145475372	0.0	871.0	0.0	875.0	18	[60, 56, 40, 24, 51, 61, 7, 1, 62, 13, 36, 12, 32, 33, 4, 46, 20, 18]	mi	1.0	100.0
299	0.667684090042	0.501145475372	1.0	0.501145475372	0.0	871.0	0.0	875.0	27	[60, 56, 40, 24, 51, 61, 7, 1, 62, 13, 36, 12, 32, 33, 4, 46, 20, 18, 6, 23, 19, 26, 43, 11, 0, 35, 59]	mi	0.1	1000.0
300	0.667684090042	0.501145475372	1.0	0.501145475372	0.0	871.0	0.0	875.0	26	[60, 56, 40, 24, 51, 61, 7, 1, 62, 13, 36, 12, 32, 33, 4, 46, 20, 18, 6, 23, 19, 26, 43, 11, 0, 35]	mi	1.0	100.0
301	0.667684090042	0.501145475372	1.0	0.501145475372	0.0	871.0	0.0	875.0	25	[60, 56, 40, 24, 51, 61, 7, 1, 62, 13, 36, 12, 32, 33, 4, 46, 20, 18, 6, 23, 19, 26, 43, 11, 0]	mi	1.0	100.0
302	0.667684090042	0.501145475372	1.0	0.501145475372	0.0	871.0	0.0	875.0	24	[60, 56, 40, 24, 51, 61, 7, 1, 62, 13, 36, 12, 32, 33, 4, 46, 20, 18, 6, 23, 19, 26, 43, 11]	mi	1.0	100.0
303	0.667684090042	0.501145475372	1.0	0.501145475372	0.0	871.0	0.0	875.0	23	[60, 56, 40, 24, 51, 61, 7, 1, 62, 13, 36, 12, 32, 33, 4, 46, 20, 18, 6, 23, 19, 26, 43]	mi	1.0	100.0
304	0.667684090042	0.501145475372	1.0	0.501145475372	0.0	871.0	0.0	875.0	19	[60, 56, 40, 24, 51, 61, 7, 1, 62, 13, 36, 12, 32, 33, 4, 46, 20, 18, 6]	mi	1.0	100.0
305	0.667684090042	0.501145475372	1.0	0.501145475372	0.0	871.0	0.0	875.0	17	[60, 56, 40, 24, 51, 61, 7, 1, 62, 13, 36, 12, 32, 33, 4, 46, 20]	mi	1.0	100.0
306	0.667684090042	0.501145475372	1.0	0.501145475372	0.0	871.0	0.0	875.0	10	[60, 56, 40, 24, 51, 61, 7, 1, 62, 13]	mi	100.0	10.0
307	0.667684090042	0.501145475372	1.0	0.501145475372	0.0	871.0	0.0	875.0	16	[60, 56, 40, 24, 51, 61, 7, 1, 62, 13, 36, 12, 32, 33, 4, 46]	mi	1.0	100.0
308	0.667684090042	0.501145475372	1.0	0.501145475372	0.0	871.0	0.0	875.0	15	[60, 56, 40, 24, 51, 61, 7, 1, 62, 13, 36, 12, 32, 33, 4]	mi	1.0	100.0
309	0.667684090042	0.501145475372	1.0	0.501145475372	0.0	871.0	0.0	875.0	14	[60, 56, 40, 24, 51, 61, 7, 1, 62, 13, 36, 12, 32, 33]	mi	1.0	100.0
310	0.667684090042	0.501145475372	1.0	0.501145475372	0.0	871.0	0.0	875.0	13	[60, 56, 40, 24, 51, 61, 7, 1, 62, 13, 36, 12, 32]	mi	10.0	1000.0
311	0.667684090042	0.501145475372	1.0	0.501145475372	0.0	871.0	0.0	875.0	12	[60, 56, 40, 24, 51, 61, 7, 1, 62, 13, 36, 12]	mi	100.0	10.0
312	0.667684090042	0.501145475372	1.0	0.501145475372	0.0	871.0	0.0	875.0	11	[60, 56, 40, 24, 51, 61, 7, 1, 62, 13, 36]	mi	100.0	10.0
313	0.667684090042	0.501145475372	1.0	0.501145475372	0.0	871.0	0.0	875.0	28	[40, 34, 10, 43, 36, 56, 1, 21, 16, 7, 46, 20, 45, 19, 55, 42, 57, 50, 39, 17, 44, 61, 0, 60, 9, 54, 3, 2]	chi2	10.0	1000.0
314	0.667684090042	0.501145475372	1.0	0.501145475372	0.0	871.0	0.0	875.0	31	[40, 34, 10, 43, 36, 56, 1, 21, 16, 7, 46, 20, 45, 19, 55, 42, 57, 50, 39, 17, 44, 61, 0, 60, 9, 54, 3, 2, 12, 4, 53]	chi2	10.0	100.0
315	0.667684090042	0.501145475372	1.0	0.501145475372	0.0	871.0	0.0	875.0	34	[0, 3, 4, 5, 6, 7, 8, 11, 13, 22, 24, 26, 27, 28, 29, 31, 32, 33, 35, 36, 38, 40, 41, 44, 47, 49, 58, 59, 60, 61, 62, 63, 64, 67]	Lasso	0.1	100.0
316	0.667684090042	0.501145475372	1.0	0.501145475372	0.0	871.0	0.0	875.0	23	[40, 34, 10, 43, 36, 56, 1, 21, 16, 7, 46, 20, 45, 19, 55, 42, 57, 50, 39, 17, 44, 61, 0]	chi2	10.0	1000.0
317	0.667684090042	0.501145475372	1.0	0.501145475372	0.0	871.0	0.0	875.0	21	[40, 34, 10, 43, 36, 56, 1, 21, 16, 7, 46, 20, 45, 19, 55, 42, 57, 50, 39, 17, 44]	chi2	1.0	1000.0
318	0.667684090042	0.501145475372	1.0	0.501145475372	0.0	871.0	0.0	875.0	20	[40, 34, 10, 43, 36, 56, 1, 21, 16, 7, 46, 20, 45, 19, 55, 42, 57, 50, 39, 17]	chi2	100.0	1000.0
319	0.667684090042	0.501145475372	1.0	0.501145475372	0.0	871.0	0.0	875.0	19	[40, 34, 10, 43, 36, 56, 1, 21, 16, 7, 46, 20, 45, 19, 55, 42, 57, 50, 39]	chi2	1.0	1000.0
320	0.667684090042	0.501145475372	1.0	0.501145475372	0.0	871.0	0.0	875.0	18	[40, 34, 10, 43, 36, 56, 1, 21, 16, 7, 46, 20, 45, 19, 55, 42, 57, 50]	chi2	100.0	1000.0
321	0.667684090042	0.501145475372	1.0	0.501145475372	0.0	871.0	0.0	875.0	17	[40, 34, 10, 43, 36, 56, 1, 21, 16, 7, 46, 20, 45, 19, 55, 42, 57]	chi2	100.0	1000.0
322	0.667684090042	0.501145475372	1.0	0.501145475372	0.0	871.0	0.0	875.0	16	[40, 34, 10, 43, 36, 56, 1, 21, 16, 7, 46, 20, 45, 19, 55, 42]	chi2	1.0	1000.0
323	0.667684090042	0.501145475372	1.0	0.501145475372	0.0	871.0	0.0	875.0	15	[40, 34, 10, 43, 36, 56, 1, 21, 16, 7, 46, 20, 45, 19, 55]	chi2	10.0	100.0
324	0.667684090042	0.501145475372	1.0	0.501145475372	0.0	871.0	0.0	875.0	14	[40, 34, 10, 43, 36, 56, 1, 21, 16, 7, 46, 20, 45, 19]	chi2	1.0	1000.0
325	0.667684090042	0.501145475372	1.0	0.501145475372	0.0	871.0	0.0	875.0	13	[40, 34, 10, 43, 36, 56, 1, 21, 16, 7, 46, 20, 45]	chi2	100.0	1000.0
326	0.667684090042	0.501145475372	1.0	0.501145475372	0.0	871.0	0.0	875.0	12	[40, 34, 10, 43, 36, 56, 1, 21, 16, 7, 46, 20]	chi2	100.0	1000.0
327	0.667684090042	0.501145475372	1.0	0.501145475372	0.0	871.0	0.0	875.0	5	[40, 34, 10, 43, 36]	chi2	1000.0	1000.0
328	0.667684090042	0.501145475372	1.0	0.501145475372	0.0	871.0	0.0	875.0	6	[40, 34, 10, 43, 36, 56]	chi2	1000.0	1000.0
329	0.667684090042	0.501145475372	1.0	0.501145475372	0.0	871.0	0.0	875.0	7	[40, 34, 10, 43, 36, 56, 1]	chi2	100.0	1000.0
330	0.667684090042	0.501145475372	1.0	0.501145475372	0.0	871.0	0.0	875.0	11	[40, 34, 10, 43, 36, 56, 1, 21, 16, 7, 46]	chi2	10.0	100.0
331	0.667684090042	0.501145475372	1.0	0.501145475372	0.0	871.0	0.0	875.0	10	[40, 34, 10, 43, 36, 56, 1, 21, 16, 7]	chi2	10.0	100.0
332	0.667684090042	0.501145475372	1.0	0.501145475372	0.0	871.0	0.0	875.0	8	[40, 34, 10, 43, 36, 56, 1, 21]	chi2	100.0	1000.0
333	0.667684090042	0.501145475372	1.0	0.501145475372	0.0	871.0	0.0	875.0	22	[40, 34, 10, 43, 36, 56, 1, 21, 16, 7, 46, 20, 45, 19, 55, 42, 57, 50, 39, 17, 44, 61]	chi2	10.0	1000.0
334	0.667684090042	0.501145475372	1.0	0.501145475372	0.0	871.0	0.0	875.0	24	[40, 34, 10, 43, 36, 56, 1, 21, 16, 7, 46, 20, 45, 19, 55, 42, 57, 50, 39, 17, 44, 61, 0, 60]	chi2	10.0	1000.0
335	0.667684090042	0.501145475372	1.0	0.501145475372	0.0	871.0	0.0	875.0	66	[60, 56, 40, 1, 12, 51, 62, 7, 13, 18, 19, 33, 20, 32, 10, 43, 24, 4, 41, 6, 23, 57, 48, 54, 31, 14, 44, 0, 36, 64, 26, 9, 58, 2, 39, 11, 37, 50, 52, 35, 34, 53, 49, 61, 45, 27, 29, 46, 5, 59, 28, 55, 67, 8, 66, 22, 21, 30, 42, 16, 63, 17, 47, 65, 3, 15]	ranksum	0.1	1000.0
336	0.667684090042	0.501145475372	1.0	0.501145475372	0.0	871.0	0.0	875.0	63	[60, 56, 40, 1, 12, 51, 62, 7, 13, 18, 19, 33, 20, 32, 10, 43, 24, 4, 41, 6, 23, 57, 48, 54, 31, 14, 44, 0, 36, 64, 26, 9, 58, 2, 39, 11, 37, 50, 52, 35, 34, 53, 49, 61, 45, 27, 29, 46, 5, 59, 28, 55, 67, 8, 66, 22, 21, 30, 42, 16, 63, 17, 47]	ranksum	0.1	1000.0
337	0.667684090042	0.501145475372	1.0	0.501145475372	0.0	871.0	0.0	875.0	64	[60, 56, 40, 1, 12, 51, 62, 7, 13, 18, 19, 33, 20, 32, 10, 43, 24, 4, 41, 6, 23, 57, 48, 54, 31, 14, 44, 0, 36, 64, 26, 9, 58, 2, 39, 11, 37, 50, 52, 35, 34, 53, 49, 61, 45, 27, 29, 46, 5, 59, 28, 55, 67, 8, 66, 22, 21, 30, 42, 16, 63, 17, 47, 65]	ranksum	0.1	1000.0
338	0.667684090042	0.501145475372	1.0	0.501145475372	0.0	871.0	0.0	875.0	4	[40, 34, 10, 43]	chi2	100.0	1000.0
339	0.667684090042	0.501145475372	1.0	0.501145475372	0.0	871.0	0.0	875.0	65	[60, 56, 40, 1, 12, 51, 62, 7, 13, 18, 19, 33, 20, 32, 10, 43, 24, 4, 41, 6, 23, 57, 48, 54, 31, 14, 44, 0, 36, 64, 26, 9, 58, 2, 39, 11, 37, 50, 52, 35, 34, 53, 49, 61, 45, 27, 29, 46, 5, 59, 28, 55, 67, 8, 66, 22, 21, 30, 42, 16, 63, 17, 47, 65, 3]	ranksum	0.1	1000.0
340	0.667684090042	0.501145475372	1.0	0.501145475372	0.0	871.0	0.0	875.0	9	[40, 34, 10, 43, 36, 56, 1, 21, 16]	chi2	100.0	1000.0
341	0.667684090042	0.501145475372	1.0	0.501145475372	0.0	871.0	0.0	875.0	67	[60, 56, 40, 1, 12, 51, 62, 7, 13, 18, 19, 33, 20, 32, 10, 43, 24, 4, 41, 6, 23, 57, 48, 54, 31, 14, 44, 0, 36, 64, 26, 9, 58, 2, 39, 11, 37, 50, 52, 35, 34, 53, 49, 61, 45, 27, 29, 46, 5, 59, 28, 55, 67, 8, 66, 22, 21, 30, 42, 16, 63, 17, 47, 65, 3, 15, 38]	ranksum	0.1	1000.0
342	0.667684090042	0.501145475372	1.0	0.501145475372	0.0	871.0	0.0	875.0	3	[40, 34, 10]	chi2	100.0	1000.0
343	0.667684090042	0.501145475372	1.0	0.501145475372	0.0	871.0	0.0	875.0	26	[40, 34, 10, 43, 36, 56, 1, 21, 16, 7, 46, 20, 45, 19, 55, 42, 57, 50, 39, 17, 44, 61, 0, 60, 9, 54]	chi2	10.0	1000.0
344	0.667684090042	0.501145475372	1.0	0.501145475372	0.0	871.0	0.0	875.0	25	[40, 34, 10, 43, 36, 56, 1, 21, 16, 7, 46, 20, 45, 19, 55, 42, 57, 50, 39, 17, 44, 61, 0, 60, 9]	chi2	10.0	1000.0
345	0.667433831991	0.502309468822	0.994285714286	0.503436426117	9.0	862.0	5.0	870.0	26	[60, 24, 7, 62, 64, 61, 23, 35, 44, 47, 63, 41, 32, 5, 4, 54, 59, 49, 26, 6, 67, 57, 43, 28, 29, 3]	RFE	0.1	1000.0
346	0.667433831991	0.502309468822	0.994285714286	0.503436426117	9.0	862.0	5.0	870.0	25	[60, 24, 7, 62, 64, 61, 23, 35, 44, 47, 63, 41, 32, 5, 4, 54, 59, 49, 26, 6, 67, 57, 43, 28, 29]	RFE	0.1	1000.0
347	0.667430316915	0.501146788991	0.998857142857	0.501145475372	1.0	870.0	1.0	874.0	33	[60, 4, 61, 24, 0, 62, 33, 7, 6, 32, 53, 23, 44, 49, 64, 54, 31, 35, 67, 59, 1, 26, 29, 66, 40, 2, 43, 10, 11, 28, 47, 5, 36]	f-test	0.1	1000.0
348	0.667430316915	0.501146788991	0.998857142857	0.501145475372	1.0	870.0	1.0	874.0	32	[60, 4, 61, 24, 0, 62, 33, 7, 6, 32, 53, 23, 44, 49, 64, 54, 31, 35, 67, 59, 1, 26, 29, 66, 40, 2, 43, 10, 11, 28, 47, 5]	f-test	0.1	1000.0
349	0.666923076923	0.502608695652	0.990857142857	0.504009163803	13.0	858.0	8.0	867.0	24	[60, 24, 7, 62, 64, 61, 23, 35, 44, 47, 63, 41, 32, 5, 4, 54, 59, 49, 26, 6, 67, 57, 43, 28]	RFE	0.1	1000.0
350	0.666402535658	0.510006064281	0.961142857143	0.51775486827	63.0	808.0	34.0	841.0	20	[60, 24, 7, 62, 64, 61, 23, 35, 44, 47, 63, 41, 32, 5, 4, 54, 59, 49, 26, 6]	RFE	1.0	100.0
351	0.666141111549	0.508423586041	0.965714285714	0.51489117984	54.0	817.0	30.0	845.0	19	[60, 24, 7, 62, 64, 61, 23, 35, 44, 47, 63, 41, 32, 5, 4, 54, 59, 49, 26]	RFE	1.0	100.0
352	0.666128381106	0.514981273408	0.942857142857	0.526345933562	94.0	777.0	50.0	825.0	6	[60, 56, 40, 24, 51, 61]	mi	1000.0	1.0
353	0.665855636659	0.516027655563	0.938285714286	0.528064146621	101.0	770.0	54.0	821.0	21	[60, 24, 7, 62, 64, 61, 23, 35, 44, 47, 63, 41, 32, 5, 4, 54, 59, 49, 26, 6, 67]	RFE	0.1	1000.0
354	0.664860681115	0.502633118783	0.981714285714	0.504009163803	21.0	850.0	16.0	859.0	22	[60, 4, 61, 24, 0, 62, 33, 7, 6, 32, 53, 23, 44, 49, 64, 54, 31, 35, 67, 59, 1, 26]	f-test	1.0	10.0
355	0.664576802508	0.505664877758	0.969142857143	0.509736540664	42.0	829.0	27.0	848.0	25	[60, 4, 61, 24, 0, 62, 33, 7, 6, 32, 53, 23, 44, 49, 64, 54, 31, 35, 67, 59, 1, 26, 29, 66, 40]	f-test	0.1	1000.0
356	0.664322000782	0.504750593824	0.971428571429	0.508018327606	37.0	834.0	25.0	850.0	26	[60, 4, 61, 24, 0, 62, 33, 7, 6, 32, 53, 23, 44, 49, 64, 54, 31, 35, 67, 59, 1, 26, 29, 66, 40, 2]	f-test	0.1	1000.0
357	0.663257277734	0.505698860228	0.963428571429	0.509736540664	47.0	824.0	32.0	843.0	9	[60, 40, 7, 1, 56, 62, 24, 4, 33]	combined	10.0	100.0
358	0.66301369863	0.504166666667	0.968	0.506872852234	38.0	833.0	28.0	847.0	7	[60, 40, 7, 1, 56, 62, 24]	combined	100.0	100.0
359	0.66228748068	0.500291885581	0.979428571429	0.499427262314	15.0	856.0	18.0	857.0	8	[60, 56, 40, 24, 51, 61, 7, 1]	mi	100.0	10.0
360	0.662220478619	0.504181600956	0.964571428571	0.506872852234	41.0	830.0	31.0	844.0	8	[60, 40, 7, 1, 56, 62, 24, 4]	combined	100.0	1.0
361	0.661800486618	0.512884978001	0.932571428571	0.522336769759	96.0	775.0	59.0	816.0	7	[60, 56, 40, 24, 51, 61, 7]	mi	100.0	100.0
362	0.660721209771	0.5	0.973714285714	0.498854524628	19.0	852.0	23.0	852.0	9	[60, 56, 40, 24, 51, 61, 7, 1, 62]	mi	10.0	1000.0
363	0.659616137877	0.50178784267	0.962285714286	0.502290950745	35.0	836.0	33.0	842.0	23	[60, 4, 61, 24, 0, 62, 33, 7, 6, 32, 53, 23, 44, 49, 64, 54, 31, 35, 67, 59, 1, 26, 29]	f-test	0.1	1000.0
364	0.659072416599	0.511686670878	0.925714285714	0.520045819015	98.0	773.0	65.0	810.0	5	[60, 56, 40, 24, 51]	mi	1000.0	1000.0
365	0.657728706625	0.502107164359	0.953142857143	0.502863688431	44.0	827.0	41.0	834.0	24	[60, 4, 61, 24, 0, 62, 33, 7, 6, 32, 53, 23, 44, 49, 64, 54, 31, 35, 67, 59, 1, 26, 29, 66]	f-test	0.1	1000.0
366	0.652	0.501538461538	0.931428571429	0.501718213058	61.0	810.0	60.0	815.0	4	[60, 56, 40, 1]	ranksum	1000.0	1000.0
367	0.651014723438	0.499389499389	0.934857142857	0.497709049255	51.0	820.0	57.0	818.0	5	[60, 40, 7, 1, 56]	combined	100.0	100.0
368	0.651014723438	0.499389499389	0.934857142857	0.497709049255	51.0	820.0	57.0	818.0	4	[60, 40, 7, 1]	combined	100.0	100.0
369	0.540578687368	0.706642066421	0.437714285714	0.627147766323	712.0	159.0	492.0	383.0	17	[60, 24, 7, 62, 64, 61, 23, 35, 44, 47, 63, 41, 32, 5, 4, 54, 59]	RFE	1.0	100.0
370	0.519272727273	0.714	0.408	0.621420389462	728.0	143.0	518.0	357.0	19	[60, 4, 61, 24, 0, 62, 33, 7, 6, 32, 53, 23, 44, 49, 64, 54, 31, 35, 67]	f-test	1.0	100.0
371	0.500374531835	0.726086956522	0.381714285714	0.617983963345	745.0	126.0	541.0	334.0	16	[60, 4, 61, 24, 0, 62, 33, 7, 6, 32, 53, 23, 44, 49, 64, 54]	f-test	1.0	100.0
372	0.498886414254	0.71186440678	0.384	0.613402061856	735.0	136.0	539.0	336.0	18	[60, 24, 7, 62, 64, 61, 23, 35, 44, 47, 63, 41, 32, 5, 4, 54, 59, 49]	RFE	1.0	100.0
373	0.479876160991	0.743405275779	0.354285714286	0.615120274914	764.0	107.0	565.0	310.0	17	[60, 4, 61, 24, 0, 62, 33, 7, 6, 32, 53, 23, 44, 49, 64, 54, 31]	f-test	1.0	100.0
374	0.45321888412	0.910344827586	0.301714285714	0.635166093929	845.0	26.0	611.0	264.0	2	[40, 34]	chi2	100.0	1000.0
375	0.00455580865604	0.666666666667	0.00228571428571	0.499427262314	870.0	1.0	873.0	2.0	51	[40, 34, 10, 43, 36, 56, 1, 21, 16, 7, 46, 20, 45, 19, 55, 42, 57, 50, 39, 17, 44, 61, 0, 60, 9, 54, 3, 2, 12, 4, 53, 51, 33, 67, 49, 8, 66, 24, 47, 62, 41, 29, 18, 13, 32, 64, 37, 31, 5, 28, 26]	chi2	0.1	1000.0
376		0.0	0.0	0.498854524628	871.0	0.0	875.0	0.0	18	[60, 56, 40, 1, 12, 51, 62, 7, 13, 18, 19, 33, 20, 32, 10, 43, 24, 4]	ranksum	1.0	100.0
377		0.0	0.0	0.498854524628	871.0	0.0	875.0	0.0	19	[60, 56, 40, 1, 12, 51, 62, 7, 13, 18, 19, 33, 20, 32, 10, 43, 24, 4, 41]	ranksum	1.0	100.0
378		0.0	0.0	0.498854524628	871.0	0.0	875.0	0.0	20	[60, 56, 40, 1, 12, 51, 62, 7, 13, 18, 19, 33, 20, 32, 10, 43, 24, 4, 41, 6]	ranksum	1.0	100.0
379		0.0	0.0	0.498854524628	871.0	0.0	875.0	0.0	21	[60, 56, 40, 1, 12, 51, 62, 7, 13, 18, 19, 33, 20, 32, 10, 43, 24, 4, 41, 6, 23]	ranksum	1.0	1000.0
380		0.0	0.0	0.498854524628	871.0	0.0	875.0	0.0	22	[60, 56, 40, 1, 12, 51, 62, 7, 13, 18, 19, 33, 20, 32, 10, 43, 24, 4, 41, 6, 23, 57]	ranksum	1.0	1000.0
381		0.0	0.0	0.498854524628	871.0	0.0	875.0	0.0	23	[60, 56, 40, 1, 12, 51, 62, 7, 13, 18, 19, 33, 20, 32, 10, 43, 24, 4, 41, 6, 23, 57, 48]	ranksum	1.0	1000.0
382		0.0	0.0	0.498854524628	871.0	0.0	875.0	0.0	24	[60, 56, 40, 1, 12, 51, 62, 7, 13, 18, 19, 33, 20, 32, 10, 43, 24, 4, 41, 6, 23, 57, 48, 54]	ranksum	1.0	100.0
383		0.0	0.0	0.498854524628	871.0	0.0	875.0	0.0	25	[60, 56, 40, 1, 12, 51, 62, 7, 13, 18, 19, 33, 20, 32, 10, 43, 24, 4, 41, 6, 23, 57, 48, 54, 31]	ranksum	1.0	100.0
384		0.0	0.0	0.498854524628	871.0	0.0	875.0	0.0	26	[60, 56, 40, 1, 12, 51, 62, 7, 13, 18, 19, 33, 20, 32, 10, 43, 24, 4, 41, 6, 23, 57, 48, 54, 31, 14]	ranksum	1.0	100.0
385		0.0	0.0	0.498854524628	871.0	0.0	875.0	0.0	27	[60, 56, 40, 1, 12, 51, 62, 7, 13, 18, 19, 33, 20, 32, 10, 43, 24, 4, 41, 6, 23, 57, 48, 54, 31, 14, 44]	ranksum	1.0	100.0
386		0.0	0.0	0.498854524628	871.0	0.0	875.0	0.0	28	[60, 56, 40, 1, 12, 51, 62, 7, 13, 18, 19, 33, 20, 32, 10, 43, 24, 4, 41, 6, 23, 57, 48, 54, 31, 14, 44, 0]	ranksum	1.0	100.0
387		0.0	0.0	0.498854524628	871.0	0.0	875.0	0.0	29	[60, 56, 40, 1, 12, 51, 62, 7, 13, 18, 19, 33, 20, 32, 10, 43, 24, 4, 41, 6, 23, 57, 48, 54, 31, 14, 44, 0, 36]	ranksum	1.0	100.0
388		0.0	0.0	0.498854524628	871.0	0.0	875.0	0.0	30	[60, 56, 40, 1, 12, 51, 62, 7, 13, 18, 19, 33, 20, 32, 10, 43, 24, 4, 41, 6, 23, 57, 48, 54, 31, 14, 44, 0, 36, 64]	ranksum	1.0	100.0
389		0.0	0.0	0.498854524628	871.0	0.0	875.0	0.0	34	[40, 34, 10, 43, 36, 56, 1, 21, 16, 7, 46, 20, 45, 19, 55, 42, 57, 50, 39, 17, 44, 61, 0, 60, 9, 54, 3, 2, 12, 4, 53, 51, 33, 67]	chi2	0.1	1000.0
390		0.0	0.0	0.498854524628	871.0	0.0	875.0	0.0	35	[40, 34, 10, 43, 36, 56, 1, 21, 16, 7, 46, 20, 45, 19, 55, 42, 57, 50, 39, 17, 44, 61, 0, 60, 9, 54, 3, 2, 12, 4, 53, 51, 33, 67, 49]	chi2	0.1	1000.0
391		0.0	0.0	0.498854524628	871.0	0.0	875.0	0.0	36	[40, 34, 10, 43, 36, 56, 1, 21, 16, 7, 46, 20, 45, 19, 55, 42, 57, 50, 39, 17, 44, 61, 0, 60, 9, 54, 3, 2, 12, 4, 53, 51, 33, 67, 49, 8]	chi2	0.1	1000.0
392		0.0	0.0	0.498854524628	871.0	0.0	875.0	0.0	37	[40, 34, 10, 43, 36, 56, 1, 21, 16, 7, 46, 20, 45, 19, 55, 42, 57, 50, 39, 17, 44, 61, 0, 60, 9, 54, 3, 2, 12, 4, 53, 51, 33, 67, 49, 8, 66]	chi2	0.1	1000.0
393		0.0	0.0	0.498854524628	871.0	0.0	875.0	0.0	38	[40, 34, 10, 43, 36, 56, 1, 21, 16, 7, 46, 20, 45, 19, 55, 42, 57, 50, 39, 17, 44, 61, 0, 60, 9, 54, 3, 2, 12, 4, 53, 51, 33, 67, 49, 8, 66, 24]	chi2	0.1	1000.0
394		0.0	0.0	0.498854524628	871.0	0.0	875.0	0.0	39	[40, 34, 10, 43, 36, 56, 1, 21, 16, 7, 46, 20, 45, 19, 55, 42, 57, 50, 39, 17, 44, 61, 0, 60, 9, 54, 3, 2, 12, 4, 53, 51, 33, 67, 49, 8, 66, 24, 47]	chi2	1.0	100.0
395		0.0	0.0	0.498854524628	871.0	0.0	875.0	0.0	40	[40, 34, 10, 43, 36, 56, 1, 21, 16, 7, 46, 20, 45, 19, 55, 42, 57, 50, 39, 17, 44, 61, 0, 60, 9, 54, 3, 2, 12, 4, 53, 51, 33, 67, 49, 8, 66, 24, 47, 62]	chi2	0.1	1000.0
396		0.0	0.0	0.498854524628	871.0	0.0	875.0	0.0	41	[40, 34, 10, 43, 36, 56, 1, 21, 16, 7, 46, 20, 45, 19, 55, 42, 57, 50, 39, 17, 44, 61, 0, 60, 9, 54, 3, 2, 12, 4, 53, 51, 33, 67, 49, 8, 66, 24, 47, 62, 41]	chi2	0.1	1000.0
397		0.0	0.0	0.498854524628	871.0	0.0	875.0	0.0	42	[40, 34, 10, 43, 36, 56, 1, 21, 16, 7, 46, 20, 45, 19, 55, 42, 57, 50, 39, 17, 44, 61, 0, 60, 9, 54, 3, 2, 12, 4, 53, 51, 33, 67, 49, 8, 66, 24, 47, 62, 41, 29]	chi2	0.1	1000.0
398		0.0	0.0	0.498854524628	871.0	0.0	875.0	0.0	43	[40, 34, 10, 43, 36, 56, 1, 21, 16, 7, 46, 20, 45, 19, 55, 42, 57, 50, 39, 17, 44, 61, 0, 60, 9, 54, 3, 2, 12, 4, 53, 51, 33, 67, 49, 8, 66, 24, 47, 62, 41, 29, 18]	chi2	1.0	100.0
399		0.0	0.0	0.498854524628	871.0	0.0	875.0	0.0	44	[40, 34, 10, 43, 36, 56, 1, 21, 16, 7, 46, 20, 45, 19, 55, 42, 57, 50, 39, 17, 44, 61, 0, 60, 9, 54, 3, 2, 12, 4, 53, 51, 33, 67, 49, 8, 66, 24, 47, 62, 41, 29, 18, 13]	chi2	0.1	1000.0
400		0.0	0.0	0.498854524628	871.0	0.0	875.0	0.0	45	[40, 34, 10, 43, 36, 56, 1, 21, 16, 7, 46, 20, 45, 19, 55, 42, 57, 50, 39, 17, 44, 61, 0, 60, 9, 54, 3, 2, 12, 4, 53, 51, 33, 67, 49, 8, 66, 24, 47, 62, 41, 29, 18, 13, 32]	chi2	0.1	1000.0
401		0.0	0.0	0.498854524628	871.0	0.0	875.0	0.0	46	[40, 34, 10, 43, 36, 56, 1, 21, 16, 7, 46, 20, 45, 19, 55, 42, 57, 50, 39, 17, 44, 61, 0, 60, 9, 54, 3, 2, 12, 4, 53, 51, 33, 67, 49, 8, 66, 24, 47, 62, 41, 29, 18, 13, 32, 64]	chi2	0.1	1000.0
402		0.0	0.0	0.498854524628	871.0	0.0	875.0	0.0	47	[40, 34, 10, 43, 36, 56, 1, 21, 16, 7, 46, 20, 45, 19, 55, 42, 57, 50, 39, 17, 44, 61, 0, 60, 9, 54, 3, 2, 12, 4, 53, 51, 33, 67, 49, 8, 66, 24, 47, 62, 41, 29, 18, 13, 32, 64, 37]	chi2	0.1	1000.0
403		0.0	0.0	0.498854524628	871.0	0.0	875.0	0.0	48	[40, 34, 10, 43, 36, 56, 1, 21, 16, 7, 46, 20, 45, 19, 55, 42, 57, 50, 39, 17, 44, 61, 0, 60, 9, 54, 3, 2, 12, 4, 53, 51, 33, 67, 49, 8, 66, 24, 47, 62, 41, 29, 18, 13, 32, 64, 37, 31]	chi2	0.1	1000.0
404		0.0	0.0	0.498854524628	871.0	0.0	875.0	0.0	49	[40, 34, 10, 43, 36, 56, 1, 21, 16, 7, 46, 20, 45, 19, 55, 42, 57, 50, 39, 17, 44, 61, 0, 60, 9, 54, 3, 2, 12, 4, 53, 51, 33, 67, 49, 8, 66, 24, 47, 62, 41, 29, 18, 13, 32, 64, 37, 31, 5]	chi2	0.1	1000.0
405		0.0	0.0	0.498854524628	871.0	0.0	875.0	0.0	50	[40, 34, 10, 43, 36, 56, 1, 21, 16, 7, 46, 20, 45, 19, 55, 42, 57, 50, 39, 17, 44, 61, 0, 60, 9, 54, 3, 2, 12, 4, 53, 51, 33, 67, 49, 8, 66, 24, 47, 62, 41, 29, 18, 13, 32, 64, 37, 31, 5, 28]	chi2	0.1	1000.0
406		0.0	0.0	0.498854524628	871.0	0.0	875.0	0.0	52	[40, 34, 10, 43, 36, 56, 1, 21, 16, 7, 46, 20, 45, 19, 55, 42, 57, 50, 39, 17, 44, 61, 0, 60, 9, 54, 3, 2, 12, 4, 53, 51, 33, 67, 49, 8, 66, 24, 47, 62, 41, 29, 18, 13, 32, 64, 37, 31, 5, 28, 26, 23]	chi2	0.1	1000.0
407		0.0	0.0	0.498854524628	871.0	0.0	875.0	0.0	53	[40, 34, 10, 43, 36, 56, 1, 21, 16, 7, 46, 20, 45, 19, 55, 42, 57, 50, 39, 17, 44, 61, 0, 60, 9, 54, 3, 2, 12, 4, 53, 51, 33, 67, 49, 8, 66, 24, 47, 62, 41, 29, 18, 13, 32, 64, 37, 31, 5, 28, 26, 23, 14]	chi2	0.1	1000.0
408		0.0	0.0	0.498854524628	871.0	0.0	875.0	0.0	54	[40, 34, 10, 43, 36, 56, 1, 21, 16, 7, 46, 20, 45, 19, 55, 42, 57, 50, 39, 17, 44, 61, 0, 60, 9, 54, 3, 2, 12, 4, 53, 51, 33, 67, 49, 8, 66, 24, 47, 62, 41, 29, 18, 13, 32, 64, 37, 31, 5, 28, 26, 23, 14, 65]	chi2	0.1	1000.0
409		0.0	0.0	0.498854524628	871.0	0.0	875.0	0.0	20	[60, 56, 40, 24, 51, 61, 7, 1, 62, 13, 36, 12, 32, 33, 4, 46, 20, 18, 6, 23]	mi	1.0	1000.0
410		0.0	0.0	0.498854524628	871.0	0.0	875.0	0.0	21	[60, 56, 40, 24, 51, 61, 7, 1, 62, 13, 36, 12, 32, 33, 4, 46, 20, 18, 6, 23, 19]	mi	1.0	1000.0
411		0.0	0.0	0.497709049255	869.0	2.0	875.0	0.0	10	[60, 40, 7, 1, 56, 62, 24, 4, 33, 43]	combined	1.0	1000.0
412		0.0	0.0	0.498281786942	870.0	1.0	875.0	0.0	11	[60, 40, 7, 1, 56, 62, 24, 4, 33, 43, 61]	combined	1.0	100.0
413		0.0	0.0	0.498854524628	871.0	0.0	875.0	0.0	12	[60, 40, 7, 1, 56, 62, 24, 4, 33, 43, 61, 10]	combined	1.0	100.0
414		0.0	0.0	0.498854524628	871.0	0.0	875.0	0.0	13	[60, 40, 7, 1, 56, 62, 24, 4, 33, 43, 61, 10, 36]	combined	1.0	100.0
415		0.0	0.0	0.498854524628	871.0	0.0	875.0	0.0	14	[60, 40, 7, 1, 56, 62, 24, 4, 33, 43, 61, 10, 36, 0]	combined	1.0	100.0
416		0.0	0.0	0.498281786942	870.0	1.0	875.0	0.0	15	[60, 40, 7, 1, 56, 62, 24, 4, 33, 43, 61, 10, 36, 0, 32]	combined	1.0	100.0
417		0.0	0.0	0.498854524628	871.0	0.0	875.0	0.0	16	[60, 40, 7, 1, 56, 62, 24, 4, 33, 43, 61, 10, 36, 0, 32, 20]	combined	1.0	100.0
